x_m,y_m,yaw_rad,curvature,speed_mps,steer_rad,left_x_m,left_y_m,right_x_m,right_y_m,w_tr_left_m,w_tr_right_m,s_m
-2.52505,9.0877,-1.928238275022207,-0.5756828073692789,4.128030276589318,-0.19573215450555484,-0.944583330379748,8.497419120909825,-3.7302553700431784,9.537826344951155,1.6871,1.28652,0.0
-2.56128,8.9945,-1.9415063787977611,0.0009322110487311817,4.2119584298502595,0.0003169517565686018,-0.9922234607956657,8.38463870029316,-3.7594564282897047,9.460207522690935,1.68341,1.2855,0.09999426433551038
-2.5975,8.9013,-1.9413950506496551,0.001294452745539959,4.29424362440248,0.00044011393348358606,-1.030472824799255,8.292428274771794,-3.7843844803578275,9.362466476649953,1.68116,1.27333,0.19998490589760817
-2.63371,8.80809,-1.9411724012954914,0.003158819600786642,4.374986021949413,0.0010739986642674584,-1.0677684693286857,8.200041362949657,-3.8140506054921683,9.266411388357975,1.67985,1.2662,0.2999812468306652
-2.66989,8.71487,-1.9408565284725947,0.0031589647985502496,4.454263835844006,0.001074048031507085,-1.1034022052957015,8.107178596455023,-3.840110633505466,9.168836524116113,1.68023,1.25519,0.39997605069566655
-2.70604,8.62164,-1.9405225766398302,0.0035201977931712844,4.532153931269953,0.0011968672496782367,-1.138081253219846,8.013980311937997,-3.8712651780093568,9.073220993215017,1.68159,1.24967,0.4999693274696577
-2.74216,8.52839,-1.940095388065661,0.005024194027534376,4.608733757572086,0.001708225969361688,-1.170668453160758,7.920133205370621,-3.89737555030335,8.975524258626344,1.6851,1.23873,0.5999704119637767
-2.77823,8.43513,-1.93960353018707,0.004812623818384664,4.684055228500489,0.0016362920982507859,-1.2033613659145206,7.8264565691902295,-3.928413909435445,8.879666370250844,1.6884,1.2331,0.6999627741720981
-2.81426,8.34184,-1.9390004034506285,0.00725032261925383,4.758194495542836,0.002465109690546302,-1.2353206333124505,7.73268756158715,-3.9552514427011856,8.782032786495492,1.69237,1.22296,0.79996869899658
-2.85022,8.24853,-1.9383219673777052,0.006318190494460644,4.831191424162475,0.002148184768116619,-1.2645871601287602,7.638030772218452,-3.985350575661104,8.685577166561336,1.6991,1.21636,0.8999680874947094
-2.88612,8.1552,-1.937607601174634,0.007968476348905972,4.903099635737676,0.0027092819586280307,-1.2952720491757654,7.543997410216274,-4.013646623817099,8.588394883376541,1.70422,1.20788,0.9999645819332644
-2.92195,8.06183,-1.9367353540357468,0.009476315177824027,4.97397699414707,0.0032219471604601696,-1.3247333586770278,7.449778840715938,-4.042514472876106,8.491228722084609,1.71047,1.20002,1.0999733105523206
-2.95769,7.96843,-1.9358164768306352,0.008899213514721458,5.043855559349771,0.003025732595005296,-1.3529991705842934,7.355205180794896,-4.072548783260288,8.394467877996064,1.71787,1.19349,1.1999778484493588
-2.99335,7.87499,-1.9348798402053602,0.009831278496486535,5.11278518220259,0.003342634688805422,-1.3824133911472856,7.261106977056608,-4.100599096002041,8.296931756410364,1.72394,1.18492,1.2999911935588984
-3.02892,7.78151,-1.9338031441921966,0.011699338819939622,5.1808013900017675,0.003977775198779471,-1.4112469427234038,7.167053757976704,-4.131808365261557,8.200430644837049,1.73044,1.17977,1.400009868315166
-3.06438,7.68799,-1.9326797364124384,0.010764583965886131,5.24793503223116,0.003659958548401285,-1.4388631563248635,7.072643074251263,-4.1597327046820105,8.10264083678416,1.73809,1.17121,1.5000268768687115
-3.09974,7.59443,-1.9315095602128556,0.012635327825255909,5.314221975215674,0.004296011460587009,-1.4680493927972436,6.97892798638323,-4.191319982911583,8.00619291298118,1.74392,1.16666,1.600045891061014
-3.13498,7.50083,-1.9302749677624056,0.012051442345594385,5.379689006896184,0.004097490397502092,-1.4956318301402094,6.884750263214773,-4.219138909632278,7.908265313595853,1.75129,1.15819,1.7000599780687953
-3.17011,7.40718,-1.9289760739484139,0.013921470189942019,5.44437408456461,0.0047332998645802865,-1.5255706349088827,6.791585947831118,-4.2506389880715485,7.811650231830573,1.75598,1.15375,1.8000821726058074
-3.20511,7.31348,-1.927647928064647,0.012635953846915389,5.508300400616933,0.004296224307951233,-1.5558003414881758,6.698596522957716,-4.278154499392771,7.713524545548264,1.7602,1.14519,1.9001056198569395
-3.23999,7.21974,-1.9263197423262972,0.013921923955714729,5.571490497235975,0.004733454144943008,-1.585299665262481,6.605352499291989,-4.308990059830228,7.616660354961758,1.76507,1.14031,2.000124628050383
-3.27474,7.12595,-1.9248977429773406,0.01451402031320257,5.633972912332258,0.004934766906488875,-1.616720228753342,6.5130076093504545,-4.336462066687402,7.5184510262522,1.76769,1.13195,2.1001452589222187
-3.30935,7.03212,-1.923381774372632,0.015801607094765847,5.695763162971664,0.005372546412220389,-1.6480098011599662,6.4208112389649905,-4.365884810224671,7.420883834330714,1.77024,1.12579,2.2001548634609827
-3.34381,6.93824,-1.921848373653934,0.014864360925853613,5.7568872768087065,0.005053882714790229,-1.6806610927556667,6.329159643042086,-4.394028574348752,7.3228522865859516,1.77117,1.11843,2.300159593349123
-3.37813,6.84431,-1.9202679065308847,0.016744990169107632,5.817368466320854,0.005693296657496595,-1.7135037842699532,6.23767063406315,-4.421682983286979,7.224611784340866,1.77172,1.11069,2.4001631297865913
-3.41229,6.75033,-1.9186402931911997,0.01580800798437375,5.877222641886733,0.005374722714687076,-1.746800829560309,6.146445117552932,-4.4508575304443125,7.126901185311358,1.77159,1.10473,2.500158859695423
-3.4463,6.6563,-1.9169654504170235,0.017692887609901765,5.936470939441985,0.006015581787366601,-1.780253279850842,6.055368258135557,-4.477500996002005,7.02824719886628,1.77111,1.09623,2.6001504643430136
-3.48014,6.56222,-1.9151962171494552,0.01769845748426011,5.995127515086607,0.006017475544648437,-1.8139645649497804,5.964571077943572,-4.507422830853704,6.930701291700407,1.77012,1.09137,2.7001314225300606
-3.51381,6.46809,-1.9134266181085227,0.017703863395231247,6.053209751441519,0.006019313554378625,-1.8475779620313288,5.873746598213819,-4.533925730027658,6.831964322053836,1.76906,1.08307,2.800102047215515
-3.54731,6.37391,-1.9116095192289748,0.018653090918937458,6.110734205038359,0.006342050912438736,-1.8809337910512027,5.782926197219049,-4.564126811861854,6.734526205979563,1.76807,1.07887,2.900062651455385
-3.58063,6.27968,-1.9098391875390457,0.016770697116730682,6.1326171199533235,0.005702037019688432,-1.9138608861809288,5.69187664374998,-4.590727655704033,6.635901378978323,1.76738,1.07107,3.00001021420706
-3.61379,6.1854,-1.9083211387755916,0.01360775150427684,6.075310874326639,0.004626635511454126,-1.9463758229537915,5.600213656528695,-4.620822788069042,6.538822588771419,1.76712,1.06725,3.0999517170975013
-3.64682,6.09108,-1.907166555369854,0.00949806720856778,6.0174619937889195,0.0032293428509130454,-1.9779478021308283,5.507545262662692,-4.647567503771589,6.440999504021901,1.76795,1.06016,3.1998879132428417
-3.67976,5.99673,-1.9064227924108754,0.005386633125623283,5.9590523728138445,0.0018314552627119163,-2.0085186337124847,5.413761479744028,-4.677122856050566,6.344633755901913,1.77,1.0563,3.2998227224936723
-3.71265,5.90236,-1.9060899283292265,0.0012748818919934473,5.900063101769465,0.0004334598432777721,-2.0375979553893773,5.318687560402434,-4.704679915169321,6.248033152427476,1.77383,1.05053,3.399759947790356
-3.74553,5.80798,-1.9061207081099083,-0.0018906232780771233,5.840474377914299,-0.0006428119145462219,-2.064282403716536,5.22209068614364,-4.733743731393693,6.152357512455378,1.78041,1.0465,3.4997033257600845
-3.77843,5.7136,-1.906531540903603,-0.006330214682247113,5.780267402353917,-0.0021522729919640185,-2.092286972374468,5.125227742929865,-4.7626877263367655,6.057052441753412,1.78585,1.04246,3.599653285239816
-3.81139,5.61924,-1.9073365960755044,-0.009776556069735553,5.719426136885283,-0.003324029063710088,-2.1203126278341538,5.0276183153495335,-4.7931716157307305,5.962715291561353,1.79158,1.04013,3.6996041291582142
-3.84445,5.52489,-1.9084883389912992,-0.013264540299792247,5.6579160779102535,-0.004509943701929364,-2.1531116235464562,4.9309897114536065,-4.8218537072554595,5.8680976938870755,1.79258,1.03591,3.799578556388381
-3.87764,5.43057,-1.910036241496123,-0.017697144175619895,5.595720686494624,-0.006017029019710764,-2.193956025353139,4.83642837789518,-4.8530024718932,5.774757775091428,1.78544,1.03431,3.899567748304307
-3.911,5.3363,-1.912024526468363,-0.022062840580206078,5.5328202314761,-0.007501365797270067,-2.2457738476927034,4.744945948883551,-4.882849167927315,5.681422457830528,1.76711,1.03131,3.999566360794682
-3.94458,5.24207,-1.9143581546107784,-0.024595533603833142,5.469173422930374,-0.00836248142530327,-2.305774484535831,4.655788196696999,-4.914472430666977,5.589048502266213,1.74052,1.03009,4.099600901329439
-3.9784,5.1479,-1.917070206200819,-0.029609901932936476,5.404761392139861,-0.010067366657198403,-2.374583393262044,4.569224363437039,-4.945410114969221,5.496808467147495,1.70502,1.02803,4.199659790489774
-4.01251,5.0538,-1.920173238334644,-0.03238947593448286,5.339551050911838,-0.011012421817724173,-2.4351139189680557,4.47911904856254,-4.977418033866498,5.405337748584541,1.67882,1.02695,4.299751259157188
-4.04694,4.95977,-1.9237004195174208,-0.03806005568702683,5.2735053581479905,-0.012940418933589121,-2.509838195799373,4.393619979225314,-5.009147618831735,5.314173242454359,1.63805,1.0254,4.399886496711208
-4.08174,4.86584,-1.9274292996932618,-0.0363859844501352,5.206599062140291,-0.01237123471304597,-2.5745630762149725,4.30432068171264,-5.041185676367386,5.223294571938771,1.60838,1.02387,4.500055777930551
-4.1169,4.77199,-1.9305129048551037,-0.025166714280218657,5.138787191970213,-0.008556682855274344,-2.656679740035329,4.2228313732911875,-5.074096951965535,5.131971968503827,1.56007,1.02265,4.600275776433844
-4.1523,4.67822,-1.9321535656333946,-0.00757398911035955,5.070061794291806,-0.002575156297522247,-2.7397816425501187,4.14435420088276,-5.106426198378109,5.038835026820206,1.51004,1.02,4.700505377350939
-4.18777,4.58448,-1.932084103436814,0.008964345042430317,5.00039424372042,0.003047877314426308,-2.82885282952469,4.0709808142291,-5.139966170577906,4.944289978789879,1.4527,1.01791,4.8007316638231
-4.22314,4.49075,-1.9304142613670194,0.024382534767050316,4.929773980993476,0.008290061820797109,-2.9265493778973037,4.003275078926779,-5.173689193366668,4.848124860741457,1.3852,1.01551,4.9009132479591075
-4.25826,4.39699,-1.9270290501860003,0.043266786374397403,4.858170406844724,0.014710707367295118,-3.024816436244513,3.9380159049465155,-5.2075486524703525,4.7502278075617355,1.31607,1.01288,5.001034933921741
-4.29294,4.30317,-1.9219092464720344,0.059139664899195254,4.785566675421092,0.020107486065726387,-3.1024314876044388,3.867098375706802,-5.242287578823595,4.65090673300613,1.26786,1.01103,5.1010594049275895
-4.32702,4.20927,-1.9151039722082979,0.0771395344506561,4.711941832188979,0.02622744171322308,-3.1879509335006326,3.8008101245602455,-5.276198725462819,4.549636914856276,1.21009,1.00836,5.200952629923082
-4.36033,4.11524,-1.9066023078740058,0.0933575677591774,4.637251990570442,0.03174157303812032,-3.2346353326925645,3.7223443903330025,-5.311084036332258,4.447076951525775,1.19229,1.007,5.300708316477784
-4.39271,4.02106,-1.8964719194342814,0.11012422457051192,4.561465783634316,0.037442236353974055,-3.282837518183265,3.646255815650411,-5.34438929534788,4.342442310039247,1.17145,1.00448,5.400299163446769
-4.424,3.9267,-1.8854326786672309,0.11191074238036586,4.4845380576300276,0.0380496524093244,-3.323684200802494,3.5686052689073002,-5.377181652687352,4.236910330389252,1.15712,1.00239,5.499711807008844
-4.4542,3.83212,-1.8746577925732504,0.10503844554548405,4.406369246115898,0.035713071485464584,-3.358114440230998,3.4884179345917863,-5.408979825035091,4.131512501753068,1.14871,1.00062,5.598996329468289
-4.4834,3.73727,-1.8646510709369029,0.09654276817815632,4.32682207921095,0.03282454118057315,-3.387988294477168,3.4057812727353145,-5.439874063493163,4.026714022161239,1.14447,0.99931,5.698239276320949
-4.5117,3.64211,-1.8554984870072009,0.0877744034185463,4.245755110067039,0.029843297162305743,-3.414941403872083,3.321141155064046,-5.46841255466078,3.922094059107736,1.14276,0.99684,5.797518254961949
-4.5392,3.5466,-1.8472181444896356,0.07880026008960751,4.1630163483343265,0.026792088430466557,-3.4403696629090126,3.2348791531056893,-5.4953216001872525,3.8178366276065376,1.14219,0.99385,5.896908446127878
-4.566,3.4507,-1.8397754419807566,0.07065636916918942,4.078441455740464,0.024023165517524404,-3.465757351717392,3.14740780870574,-5.5218676141044885,3.7141938608510485,1.14128,0.99152,5.996482790213089
-4.59219,3.35437,-1.8331670718388045,0.061713993365074854,3.991853865454538,0.020982757744125453,-3.4921787544009013,3.058949148238452,-5.545335416998098,3.610348320284205,1.13899,0.98692,6.096309565178526
-4.61787,3.25756,-1.82739984388677,0.05344100644752393,3.9030489120855067,0.018169942192158138,-3.520700063529967,2.9696758104265824,-5.569283892948713,3.5071995575708623,1.13431,0.98362,6.196467632751737
-4.64313,3.16023,-1.8225370907046907,0.04328813045431064,3.8118118647138663,0.014717964354465618,-3.5513428084762295,2.879425600417947,-5.592347209208,3.4043658266280787,1.12732,0.98011,6.297022078202946
-4.66808,3.06234,-1.8185288473503733,0.03607929822593413,3.7178989583712907,0.012266961396817605,-3.5792478272823818,2.7869438597673697,-5.616367974342669,3.302188577684083,1.12312,0.97815,6.398041653533671
-4.6928,2.96385,-1.8150843000561259,0.03176950663777994,3.6210438616293787,0.01080163225684518,-3.5980673905633562,2.6909700873350393,-5.641627126972086,3.2003605974832774,1.12823,0.97786,6.499586513078603
-4.71734,2.86472,-1.8071613662391772,0.1233534553573356,3.520951916599788,0.04194017482149411,-3.6002094851078494,2.5956396047706205,-5.670811108343481,3.094380168845739,1.14908,0.98074,6.601708834340901
-4.74067,2.76511,-1.7859042045146953,0.29389753087631876,3.4177423865490186,0.09992516049794839,-3.5949772403122573,2.5147896077042766,-5.7076975268174115,2.97639414038304,1.17272,0.98984,6.704014459797178
-4.7609,2.66535,-1.7467672858148489,0.47834223940773984,3.3118619177602424,0.16263636139863155,-3.5476894541216732,2.449628909307385,-5.751856643532539,2.841552101686455,1.23224,1.0065,6.805804982440497
-4.77612,2.56574,-1.6886932404856392,0.6779330336420164,3.203602173324189,0.2304972314382856,-3.53439008964728,2.418661796871779,-5.798175504782447,2.686798602106161,1.25041,1.0292,6.906571050638081
-4.78444,2.46661,-1.610275474062278,0.899730239397549,3.0930110130356665,0.3059082813951667,-3.52276386507764,2.416774207968831,-5.856823746631219,2.5089688050018943,1.26266,1.07322,7.006049587519159
-4.78392,2.36827,-1.5114051382598426,1.1049378384166018,2.9796522453254286,0.3756788650616446,-3.523586067872643,2.443210864209016,-5.924625226619387,2.300442392322799,1.26256,1.14272,7.104390962331594
-4.77281,2.27102,-1.405396167739537,1.0483599312700616,3.0589987311829527,0.35644237663182093,-3.538153059921375,2.477115288436412,-5.959500615605472,2.0729314972192854,1.25174,1.20311,7.202273517467839
-4.75163,2.17483,-1.3153972924141528,0.7752876502450455,3.169689681226241,0.2635978010833155,-3.5384323278007574,2.49159708331255,-6.006007134925681,1.8473109192189872,1.25387,1.29643,7.300767722881153
-4.72277,2.07937,-1.2517567325634298,0.5040596591908881,3.2779601831427776,0.17138028412490197,-3.5276256440376392,2.474154705898436,-6.022097565674427,1.6501710933395024,1.25866,1.36838,7.400494906737912
-4.6887,1.98432,-1.2137857304189446,0.2519798589895201,3.3840544144409015,0.08567315205643683,-3.4898591993645365,2.431480111293172,-6.035503270340002,1.4819708140730454,1.27952,1.43744,7.501466523541843
-4.65189,1.88934,-1.2001638575056588,0.01761626058841926,3.4878172132139746,0.005989528600062548,-3.414706408331453,2.3700983557319764,-6.028235890028474,1.3545044335856782,1.32731,1.47661,7.603330042526807
-4.61479,1.79412,-1.2043397167752214,-0.09945307743393873,3.588901607227138,-0.03381404632753917,-3.2989608290855506,2.2991250901432494,-6.011870625597392,1.2579312280358699,1.40941,1.49644,7.705522304464783
-4.57872,1.69869,-1.2071541273023259,0.04468489820602047,3.6870516106646583,0.015192865390046962,-3.163939105022977,2.237108640193684,-5.999071156069568,1.1581515033581407,1.51377,1.51973,7.807541566371543
-4.54241,1.60393,-1.193340681768878,0.22925319539043132,3.6409648012752918,0.07794608643274666,-3.0798897407655943,2.1837687570945263,-5.964483129066483,1.0401271326899246,1.57327,1.52976,7.909020005953555
-4.50424,1.51083,-1.1605255679589959,0.42534036095858535,3.542919504347361,0.14461572272591902,-3.030517799282058,2.1518301117090886,-5.902070216242016,0.9028393459099895,1.60709,1.52433,8.009640873073652
-4.46257,1.42037,-1.1079386961874822,0.6322259300584984,3.4431243521041814,0.21495681621988946,-3.017848939743923,2.1413044700820985,-5.8044897629689185,0.7507347051167002,1.61461,1.49972,8.109237060249667
-4.41577,1.33354,-1.035079410144481,0.8432038486004882,3.341351673518403,0.286689308524166,-3.020482964030943,2.161813686263594,-5.683808605611361,0.5808038366737023,1.62261,1.47463,8.20787624566804
-4.36223,1.25134,-0.9474250164760488,0.936252780326488,3.2369645521357553,0.31832594531100594,-3.0577830270349424,2.189251537205027,-5.5500047895655955,0.39731702948198966,1.60663,1.46293,8.305975030573867
-4.30121,1.17421,-0.8610210532651925,0.8163747537916622,3.341613500354205,0.2775674162891652,-3.0910933776247216,2.2138671609675216,-5.389874266791548,0.23889717152429535,1.59539,1.43527,8.404323783997588
-4.23366,1.10169,-0.7871738558276119,0.6729486002277876,3.443853686276966,0.2288025240774478,-3.1006928176929063,2.2306407076108874,-5.219436794034101,0.11940787696006105,1.59942,1.39163,8.503430559245297
-4.16067,1.03317,-0.7266877591926257,0.5367421309164002,3.5441383066004377,0.1824923245115761,-3.096723320054691,2.230000539021024,-5.058138527117482,0.023610252964898937,1.60137,1.3508,8.60354314836375
-4.08334,0.96806,-0.6788828210421448,0.4112026037658643,3.6426018404221043,0.13980888528039387,-3.0700654109279157,2.2239541130687726,-4.919715855589576,-0.0685785624154659,1.61369,1.33197,8.704633410011448
-4.00279,0.90579,-0.6430892673951281,0.2937633574551436,3.7391493795522623,0.09987954153474883,-3.0273959872511584,2.207431818010513,-4.793497499548271,-0.14939173555938756,1.62655,1.31857,8.8064462549771
-3.92012,0.84575,-0.6186612550378543,0.1856586559156479,3.833593943684688,0.0631239430113203,-2.969114484327475,2.181638521382093,-4.675492647063889,-0.2153307528966364,1.63982,1.30249,8.908618318184221
-3.83643,0.78736,-0.6040157363514147,0.10171323276296114,3.9256547584445376,0.03458249913940679,-2.890346514366498,2.158399403741396,-4.5660100909934584,-0.2699283557601381,1.66578,1.28458,9.010664426390267
-3.75261,0.73016,-0.5936902786333038,0.10180327977590284,4.01510971669095,0.034613115123806965,-2.8057239691429467,2.1331337904422076,-4.464420627174904,-0.32450932781837827,1.69261,1.2724,9.112141677042816
-3.66869,0.67415,-0.582269954056761,0.12463104888609697,4.102117387915249,0.04237455662127297,-2.7254925594039605,2.1066715916533623,-4.35373790583873,-0.36629590686203883,1.71515,1.24572,9.213036109495752
-3.58451,0.61948,-0.5685782952787571,0.14812839322721089,4.186883088362499,0.0503636536972517,-2.6437409676881956,2.091813624129773,-4.2394725786443255,-0.40555738320881507,1.74723,1.21642,9.313410813978505
-3.49987,0.56628,-0.5527051610010625,0.1693541268418424,4.269635335934773,0.05758040312622642,-2.5718844722307224,2.0707145531297715,-4.121979712806665,-0.4422738187581311,1.76762,1.18499,9.41338165772807
-3.41461,0.51468,-0.5345965980913815,0.19392764412655006,4.3505626977898615,0.06593539900302703,-2.497836751152817,2.063000120194199,-4.001857837785099,-0.4771112023791728,1.79938,1.15261,9.513040212804892
-3.32855,0.46484,-0.5143485068300936,0.21302128274881524,4.429847337204537,0.07242723613459719,-2.4327209956339826,2.0501486838330854,-3.8797851102042338,-0.5106562194586539,1.82091,1.12047,9.612490447595968
-3.24152,0.41687,-0.4920641374380696,0.23515899732236525,4.50767908255605,0.07995405908960419,-2.370206480782639,2.042326151001637,-3.7563918039989375,-0.5436356300963987,1.84426,1.0898,9.711865201935288
-3.15334,0.37092,-0.46800644629306487,0.24838625307534087,4.584234780120489,0.08445132604561591,-2.3121273397860347,2.035170105361494,-3.6322858718639663,-0.5766236538357823,1.86477,1.06171,9.8112991745
-3.06388,0.32708,-0.44389105725587424,0.23572274420143546,4.65967594213978,0.08014573302848807,-2.257553624962048,2.022671866994577,-3.5090848484517556,-0.6091236807314151,1.87755,1.03667,9.91092365542713
-2.97323,0.28527,-0.4213389036882877,0.21614910712025537,4.73406498618284,0.07349069642088683,-2.2008622221894676,2.0086150136000103,-3.3881919513384218,-0.6406135365970224,1.88851,1.01462,10.01075099937657
-2.88152,0.24535,-0.4007591447021852,0.1955022397625917,4.807444523288523,0.06647076151928119,-2.1414554964738906,1.9920690247777841,-3.2698468095153608,-0.6711887919295183,1.89703,0.99541,10.110772649532924
-2.78892,0.20718,-0.38201672603155906,0.1788404967115948,4.8798188263107,0.06080576888194224,-2.079868520470881,1.9720737643318837,-3.153902571521022,-0.7012948895736755,1.902,0.97905,10.21093106855
-2.69556,0.17064,-0.36509733563559976,0.15880254673972824,4.951204260202141,0.053992865891507605,-2.015808984167011,1.9490053671206091,-3.0417212009247354,-0.7349873206315856,1.90385,0.96953,10.311187046925356
-2.6016,0.13558,-0.350057527171104,0.141203077512472,5.021597326048464,0.048009046354240484,-1.9489352002619151,1.923243879364028,-2.929883795874733,-0.7635968581686678,1.90308,0.95723,10.411475058172963
-2.50717,0.10186,-0.3367383875375854,0.12454483902984098,5.09100475052634,0.04234524527014594,-1.879343938097837,1.895283111147066,-2.81989024932264,-0.79144430272309,1.90014,0.94646,10.511745010302203
-2.41241,0.06935,-0.32473524303698786,0.1151026956263834,5.1594186431062745,0.03913491651297036,-1.8076326025433276,1.8657916104136352,-2.7115714282970145,-0.8192844633308402,1.89551,0.93764,10.611926633866608
-2.31739,0.03797,-0.31342018008179867,0.11099788028523448,5.22686074459212,0.037739279296979726,-1.734806035337602,1.8354984422000789,-2.6052103667118027,-0.8500827559812443,1.88958,0.93353,10.711994135084536
-2.2221,0.00767,-0.30251789810410384,0.10701312565037598,5.29339331943617,0.03638446272112784,-1.6611911951026341,1.8048945021111327,-2.4984609169706036,-0.8778261930867728,1.88272,0.92762,10.811985505212162
-2.12652,-0.0216,-0.2920556886080102,0.10228343212271515,5.359080350903315,0.03477636692172315,-1.5861432256614219,1.7757442225003626,-2.39248457919647,-0.9062233267401696,1.87682,0.92374,10.911946844238807
-2.03065,-0.04989,-0.2820715148939433,0.09746158718283401,5.4239690704694015,0.03313693964216357,-1.510198845809899,1.746017190280776,-2.287376769196789,-0.9357703502041224,1.8698,0.92233,11.011903739948908
-1.93449,-0.07725,-0.2724964317278203,0.09404787049890395,5.488103177801987,0.03197627596962735,-1.433481469875701,1.7156029288100263,-2.1823244300766897,-0.9641224923959264,1.86154,0.92085,11.111880313204846
-1.83802,-0.10372,-0.26332500594499764,0.08928959484803335,5.551533635747516,0.03035846224833134,-1.3557424745727855,1.6852426595789534,-2.07782476427996,-0.9932529893425162,1.85283,0.92129,11.211915915867099
-1.74123,-0.12935,-0.25407141297614083,0.09556132007030185,5.614303802683913,0.03249084882390263,-1.2778345820037094,1.6551135073545333,-1.9729264522644432,-1.0215769141917155,1.84365,0.92182,11.312041841580672
-1.64413,-0.15407,-0.2428246155114719,0.1289606544229904,5.614948944061995,0.04384662250381674,-1.203191734491515,1.6259700533724988,-1.8662966767899762,-1.0509429052235317,1.83384,0.92398,11.412239089047857
-1.54669,-0.17754,-0.22816772651308456,0.16361897187289998,5.5521225343034395,0.055630450436785994,-1.1343376826298472,1.5982220973710035,-1.7565949522472877,-1.0814787983276655,1.82301,0.92799,11.512465804548267
-1.44892,-0.1994,-0.2098902581140333,0.2013293241014878,5.488604256392775,0.06845197019450586,-1.0716330870028052,1.5716695755336794,-1.643131678868614,-1.1110732751874624,1.81081,0.93213,11.612649797780719
-1.3508,-0.21927,-0.18795734713393378,0.2369338396639756,5.424388889491431,0.0805575054857517,-1.0141476550748112,1.5506983863437707,-1.5262284401157034,-1.1415947595064178,1.8017,0.93886,11.712761491902835
-1.25234,-0.23679,-0.1624348906045733,0.2734454642123361,5.359472787128152,0.09297145783219429,-0.9632821852894375,1.527061706962565,-1.4057975526070856,-1.173199093050598,1.78738,0.9489,11.812768101684389
-1.15352,-0.2516,-0.13323953806262945,0.31079182598223104,5.293815567498507,0.10566922083395856,-0.9180630250562964,1.5051006634741049,-1.281312210389721,-1.2050338952248916,1.77241,0.96196,11.91269171500977
-1.05433,-0.26333,-0.10225396471535891,0.30945385004255055,5.22736214948542,0.1052143090144672,-0.8746887259409695,1.4873574726959258,-1.1541857153602784,-1.2364702255635551,1.75988,0.97825,12.012572889412157
-0.95481,-0.27199,-0.07431974009101294,0.2496265478623576,5.160042878686161,0.08487302627320159,-0.8251968566831424,1.468791374291305,-1.0288846242184713,-1.2668561289072477,1.7456,0.99762,12.112468965411168
-0.85502,-0.27817,-0.052761718425061194,0.18164727526834554,5.091775156541728,0.06176007359123749,-0.7640656605588546,1.4440999895883992,-0.9087750709366774,-1.2960515659734648,1.72467,1.0193,12.212450146140343
-0.75504,-0.28254,-0.037818716673570195,0.11707853122671895,5.022513916213925,0.039806700617084446,-0.6906610418852179,1.4189524900956967,-0.7944551022055053,-1.3242545968633297,1.70271,1.04246,12.312525604170771
-0.65495,-0.28574,-0.029309354970262803,0.052931974315669934,4.952237681320322,0.01799687126732778,-0.6058257622351522,1.389840048599297,-0.6862057102132532,-1.3518419248547788,1.6763,1.06656,12.412666745067009
-0.55482,-0.28841,-0.024516886563936573,0.042789078390703617,4.880932176235657,0.014548286652839231,-0.5143645707039363,1.361364054572465,-0.5812776894546727,-1.3673556536678388,1.65027,1.07927,12.512832336963628
-0.45472,-0.29065,-0.01753417405741849,0.09672807333432541,4.808598911368146,0.032887544933670645,-0.4262312324758259,1.333940230096486,-0.47406288497350146,-1.393690414899156,1.62484,1.10321,12.61295739676386
-0.35466,-0.29192,-0.0051986534914792385,0.1498741801590864,4.7352029602788415,0.05095722125408938,-0.3463453110579741,1.3074583873579753,-0.3605192719849809,-1.418984769803318,1.5994,1.12708,12.713025456103493
-0.25467,-0.29169,0.01260626598386312,0.20626928896023558,4.660709733865732,0.0701315582464801,-0.2744933324533297,1.280725049244456,-0.2401396463138267,-1.4442584120353787,1.57254,1.15266,12.813015720629595
-0.15477,-0.2894,0.03594024869322673,0.2606546975292303,4.585055236336043,0.08862259715993831,-0.21074710425658227,1.2674339761834106,-0.11233693743411352,-1.4695473904988647,1.55784,1.18091,12.912941963929342
-0.05498,-0.28451,0.06384850869125779,0.2978644137269085,4.508144112424896,0.10127390066714889,-0.1524819050150507,1.2404962665177595,0.022397764998725422,-1.4947589330232034,1.52812,1.21272,13.012851704195244
0.04465,-0.27665,0.09392030222010261,0.30377316280462213,4.429874308457081,0.10328287535357153,-0.09697813002388186,1.2268742283335305,0.16175500051617758,-1.5198366854797416,1.51018,1.24869,13.112791268432836
0.14407,-0.26576,0.12461534824998936,0.3099740916920464,4.350136078185497,0.10539119117529579,-0.0417680319272673,1.2178058568089924,0.30394569471321153,-1.5420656062871338,1.49516,1.28628,13.212805909860979
0.24319,-0.25178,0.1559245584370104,0.31533723174071093,4.268837867374272,0.10721465879184172,0.014000076845506026,1.2061655413781533,0.4516497928283135,-1.5778549919872469,1.47585,1.34236,13.312906932832774
0.34197,-0.23465,0.18795339442053058,0.32354844498779595,4.185832846146838,0.11000647129585063,0.06873550323029587,1.2019264646112668,0.5990458189879149,-1.586269490016215,1.46233,1.37585,13.413161235982315
0.4403,-0.21429,0.22289181620956625,0.37257931544613165,4.1010104263990685,0.12667696725168476,0.12161766039865746,1.1917163852366441,0.7515638739906125,-1.5875665827932683,1.44167,1.40811,13.513576964332012
0.53786,-0.19025,0.26449138759771396,0.4563162621243469,4.014341650900451,0.15514752912227794,0.16390885528392019,1.1904762445052361,0.9119366255366939,-1.571439552786684,1.43047,1.43095,13.614055196800543
0.63407,-0.16181,0.3146947449841175,0.5449828338748145,3.9258961624037005,0.18529416351743694,0.19517110379334773,1.1865247803155499,1.0831182610074706,-1.5413244931772796,1.41797,1.45076,13.71438065568312
0.72836,-0.12824,0.37386470313836695,0.6369580057388073,3.835628596750654,0.2165657219511945,0.21607532201314306,1.1775561727620059,1.2658774438881695,-1.498353632483061,1.40269,1.47178,13.814468362220937
0.82017,-0.0888,0.4407431594210491,0.700084894359217,3.7433389240976207,0.23802886408213378,0.22265335590089053,1.1779605267470794,1.4502371184958094,-1.4245689075174595,1.40061,1.47691,13.914391281013375
0.90903,-0.04302,0.5073510198292601,0.6313833609686614,3.8356620058792634,0.2146703427293449,0.23005011958502852,1.1784171547041096,1.6269421350019404,-1.3344935484774576,1.39747,1.4776,14.014350812825004
0.99499,0.00838,0.5656038246851339,0.5322717788265275,3.92598905186314,0.18097240480101937,0.25734722327407167,1.170418108688378,1.7871632168859581,-1.2395620876180726,1.37639,1.47814,14.114506100254076
1.07819,0.06436,0.6141427005222289,0.4366345349180128,4.014392521038098,0.14845574187212437,0.29755621458101533,1.1714799612790054,1.9265571614234045,-1.1388216153093411,1.35466,1.4722,14.214785711342273
1.15881,0.12389,0.6543800178461193,0.3667444026313431,4.1008370918041965,0.12469309689465667,0.35741408767788996,1.1685456759590278,2.040312635511982,-1.0251883985809802,1.31664,1.44825,14.315002502849485
1.23704,0.18622,0.6893081755641906,0.3311390714470877,4.185336126881617,0.11258728429200983,0.4157242078626303,1.1827524111566894,2.128627814774769,-0.895576019656734,1.29137,1.40186,14.415027308772816
1.31311,0.25106,0.7207823594994648,0.2981447151923919,4.26810483581622,0.10136920316541324,0.47515592261794015,1.2049574088437291,2.2034263076286518,-0.7624447275521136,1.26968,1.34902,14.514981650849586
1.38727,0.31819,0.748945309885589,0.26465740141148936,4.349360164899421,0.08998351647990639,0.5472030777782737,1.2218488729099692,2.261645794026976,-0.6223748807603311,1.23382,1.28421,14.615012358634745
1.45976,0.38739,0.7743669963046683,0.24261980714577494,4.306842576488735,0.08249073442956349,0.6066862516238447,1.2594952582294503,2.31908516589024,-0.4911061407244267,1.21996,1.2289,14.715229323765406
1.5307,0.45849,0.8021213674675493,0.3105548869447412,4.224432553871505,0.10558866156121202,0.6600788939561809,1.3004682867218356,2.370619772248836,-0.3537970051191656,1.21116,1.16845,14.815666834686377
1.59939,0.53177,0.8382849939568229,0.4102979335003636,4.140380125437639,0.13950129739012362,0.7032675469405492,1.3377876347467295,2.4209248016498828,-0.2071597471871649,1.20528,1.10496,14.916107237413566
1.66488,0.60767,0.8845992189842201,0.514380370706275,4.054751347485679,0.1748893260401335,0.7324249416621246,1.371315943274833,2.4875757560135487,-0.06608716503596102,1.20525,1.06338,15.01635567929672
1.72619,0.6866,0.9414363778851399,0.6226830815207903,3.967543126868956,0.21171224771706873,0.7510359936272804,1.3966436442608539,2.546308205646381,0.08944332971375091,1.20627,1.01449,15.11629996877841
1.78235,0.769,1.0050941860487341,0.6521144524342005,3.8785785473965473,0.2217189138276282,0.7635712935527916,1.4158445838760287,2.6103620179904263,0.24327730297863104,1.20678,0.98081,15.216018099527036
1.83306,0.85492,1.0644759945133713,0.5371292301714019,3.967587546588584,0.18262393825827666,0.7779161220543376,1.4400370030291287,2.6655472859911438,0.39327445950047407,1.20652,0.95192,15.315786584029908
1.8792,0.94365,1.111637098175622,0.4060055437687385,4.054851153142946,0.1380418848813711,0.8020193347155107,1.476210328918016,2.7066275735474368,0.534568111579844,1.20164,0.92303,15.415796146072745
1.92182,1.03445,1.145875555843144,0.2773922877213564,4.1405257239943545,0.09431337782526117,0.8352853616050286,1.5260935575372763,2.7472324650492426,0.6609610136278006,1.19259,0.90598,15.516101202774788
1.96196,1.12655,1.167571630577012,0.15507241215087883,4.224597338453823,0.052724620131298805,0.8738360659641082,1.5907431754972865,2.7850526319622637,0.7754190574594235,1.183,0.89486,15.61656826006224
2.00063,1.21919,1.179920815079828,0.09100891095251532,4.306963115604373,0.03094302972385521,0.9000241586711479,1.672726254485581,2.815430955811018,0.883427859028967,1.19039,0.88127,15.716955203934438
2.03838,1.312,1.1890100987699324,0.09039270187517288,4.387628803609901,0.03073351863755878,0.9026464584838085,1.7679804219208204,2.843225645480719,0.9888662335027101,1.22385,0.86729,15.817148809518827
2.07523,1.405,1.1979888205631062,0.08907505690470893,4.466713418594356,0.03028551934760104,0.8869456285064741,1.8697339210389494,2.873733852185111,1.0927078962805208,1.27593,0.8574,15.917183416030774
2.11121,1.49822,1.2069577067800628,0.09040988626522621,4.544335711878078,0.030739361330176913,0.8510887311073212,1.9780637034955293,2.901950371293292,1.1971126402311854,1.34839,0.84613,16.017106030087852
2.14632,1.59169,1.2160176161858713,0.09102163287109419,4.6205966707942485,0.030947355176172028,0.7454269050586755,2.110655684266039,2.9282125119811333,1.3020352190834186,1.49393,0.83382,16.116952677502777
2.18057,1.68545,1.2259326232389784,0.10761398901449241,4.589507732258509,0.03658875626492742,0.7098981936388915,2.213742741171554,2.9595268865071707,1.4056341586631405,1.56268,0.82769,16.216772515711423
2.21381,1.77957,1.2387188990420417,0.14853200461969246,4.512744273067752,0.05050088157069544,0.7132571209414948,2.297032182240626,2.985210667973413,1.5135542676641618,1.58727,0.81598,16.316589708619258
2.24566,1.8742,1.2556623219304388,0.190716283176657,4.434629367065593,0.06484353628006338,0.6910522164569235,2.380998536153453,3.0123582213811577,1.6242581559022793,1.63513,0.80641,16.41643588731429
2.27573,1.96951,1.276906843242656,0.23425187489934512,4.355037394802351,0.07964563746577735,0.6820316934184412,2.451848486645086,3.040462843255079,1.738060872658801,1.66509,0.79899,16.516376874901965
2.3036,2.06564,1.3024000484778628,0.27475761706303753,4.27384265052427,0.09341758980143276,0.661253608933839,2.5173383735325565,3.0717568004054345,1.8543720365249736,1.70333,0.79668,16.616465404714326
2.32888,2.16276,1.331957143852597,0.31377611079159473,4.190851631222628,0.10668387766914221,0.6508650533824651,2.5713343512852367,3.102944843704406,1.9742854920662392,1.72704,0.79668,16.716821634217034
2.35117,2.26101,1.365956783940237,0.36110839339789697,4.10585072559846,0.12277685375528498,0.6048585913279645,2.623812182934296,3.1393991223735753,2.0972526971332788,1.7836,0.80506,16.8175683790776
2.36993,2.36035,1.4053793021616672,0.41989331122353707,4.018748455779192,0.1427637258160026,0.5873888279900383,2.6579318445223956,3.18140982117425,2.2248795459260293,1.80721,0.82271,16.918664240516136
2.38446,2.46042,1.4511589158357332,0.48680531452746867,3.9296951029295877,0.16551380693933937,0.5630134772131064,2.679378804864145,3.225763051166875,2.359285704643249,1.83456,0.84736,17.019783604635972
2.39403,2.56083,1.5039604200983456,0.5611006783689707,3.8388082051982013,0.19077423064545004,0.5358081132932291,2.6852112050268406,3.28213270682612,2.501384308582384,1.86238,0.89009,17.12064862830622
2.3979,2.66121,1.5642575360894893,0.6398494763525523,3.746100161913521,0.2175488219598678,0.5082903965895802,2.6735659378080663,3.3266201455673765,2.6551372067949814,1.88965,0.92874,17.221103201621723
2.39534,2.76117,1.6322926912891758,0.7203935748188997,3.651481479196513,0.2449338154384259,0.48341097485394346,2.643444873947614,3.3594540782279667,2.8205343644170298,1.91555,0.96594,17.321095977360773
2.38564,2.86032,1.7069734736232638,0.7763561320478298,3.5547086407487667,0.2639610848962622,0.4643134428216418,2.59704983632558,3.395275666135756,2.9986655332369185,1.93928,1.01907,17.42071933054666
2.36832,2.95836,1.7795976374101117,0.6797822695307291,3.6514189744978416,0.2311259716404479,0.45052905861683,2.552000009291449,3.433011571099102,3.183957090696061,1.96037,1.08833,17.52027747436222
2.34433,3.05528,1.840196466601011,0.5336094226543838,3.7459010815817595,0.18142720370249052,0.4355929365152662,2.5282539588220754,3.4804187519307064,3.368968233340893,1.98016,1.1786,17.620122386601153
2.31508,3.15118,1.8865317740697531,0.3914692368292102,3.8384379058076132,0.1330995405219315,0.39974197383331656,2.5255096002527266,3.540685690818462,3.551540245570662,2.01494,1.28934,17.720383907136203
2.28197,3.24618,1.9189136358237213,0.2533768147319505,3.929101333527448,0.08614811700886318,0.3661597309942022,2.5509393389538166,3.6074216322415653,3.7271816335608126,2.03806,1.41003,17.820988440334265
2.24642,3.34038,1.9385162673173437,0.1364991195428042,4.017789362337862,0.04640970064455343,0.30723284601530376,2.5933228710461735,3.6524988868229693,3.8820612163354755,2.07811,1.50681,17.92167330761828
2.20966,3.43388,1.9503958593281023,0.09994516130845757,4.104375458515445,0.03398135484487558,0.17770486338401437,2.6232346651710676,3.670915213801361,4.0168454900921144,2.18769,1.57325,18.022139956810936
2.17206,3.52677,1.9603085448660937,0.09783305892904667,4.188958971480229,0.03326324003587587,0.11950680253817758,2.6842280520299004,3.6868650743507994,4.148574501689293,2.21875,1.63746,18.122351293993912
2.13363,3.6191,1.9698550539164437,0.09299181200119905,4.271701832435706,0.03161721608040768,0.06714536468260812,2.7476962233286195,3.6745141690589773,4.268866401057661,2.2427,1.67228,18.22235976263532
2.09439,3.71096,1.978903197830336,0.08811822576348743,4.352776978516293,0.02996019675958573,0.01759038766940524,2.812988600331007,3.6758223024072767,4.394743341273258,2.26262,1.72293,18.322249888273443
2.05437,3.80241,1.9875000891891188,0.08405605091460859,4.432316655443698,0.028579057310966924,-0.03725615081479061,2.8766045048620077,3.691488831459296,4.527039308047465,2.28736,1.79032,18.422073246762327
2.01358,3.89353,1.9956502137323096,0.07918698421715038,4.510461584856866,0.026923574633831132,-0.09452990472404554,2.939806064207061,3.690676315610072,4.652260318207413,2.31381,1.84074,18.521906500240313
1.97205,3.98437,2.0036025115035723,0.080017882377892,4.587313577487238,0.02720608000848328,-0.15252907375481084,3.0027680930320333,3.705307022923969,4.785172577783527,2.34038,1.90931,18.62178966448735
1.92976,4.07495,2.0118552273721653,0.08511773479512155,4.662961198100676,0.02894002983034133,-0.21038381316689359,3.064642118281032,3.7270836344437432,4.9234211273637625,2.36663,1.98753,18.721755561172166
1.88668,4.16521,2.020605613339215,0.08988510227419931,4.737436386734597,0.030560934773227768,-0.2674148709997597,3.12517018940017,3.7286241433188163,5.0545372361136325,2.39203,2.0454,18.82176933022423
1.84278,4.2551,2.0299067415666245,0.0960714765016545,4.810775742400929,0.03266430201056253,-0.3230181984616991,3.184456490730897,3.6957988503606094,5.171123757938759,2.41598,2.06707,18.92180643384084
1.79801,4.34458,2.0398082115659126,0.10188709096744364,4.883026618083068,0.03464161092893084,-0.3765182761198633,3.242695546322948,3.6762107746217656,5.2963083620394,2.43777,2.10557,19.021861535160063
1.75234,4.43358,2.0503173928531373,0.10822787219639704,4.954208829325529,0.036797476546774996,-0.43124936029720407,3.298108611326182,3.663385482552189,5.427327957993812,2.46117,2.15398,19.121895273968526
1.70572,4.52206,2.06193018884161,0.1240123671840213,5.024366610686341,0.04216420484256724,-0.4818373143853476,3.352054863097104,3.5895505816240547,5.529618267415824,2.48079,2.13635,19.221905947398916
1.65802,4.60993,2.0752914293247757,0.14320307559335219,5.081824216051342,0.04868904570173975,-0.5250377151974042,3.4045469384726337,3.4928536901621268,5.623039930829836,2.49373,2.09595,19.321888080302752
1.60906,4.69712,2.0903517509592113,0.15800607371008907,5.012481036765877,0.053722065061430284,-0.5632014066162583,3.454648035959943,3.3975869661098628,5.720106738867054,2.50249,2.06042,19.421883968718227
1.55872,4.78354,2.1071272901001716,0.17736685787417703,4.9421531268816885,0.06030473167722019,-0.6012043870091102,3.4995661100772657,3.2982192663495296,5.817590845930436,2.51274,2.02364,19.521896627916952
1.50682,4.86911,2.1255526832251874,0.19076606772162025,4.87076210949313,0.0648604630253509,-0.6367571304794495,3.540802423199548,3.198071304396171,5.91712543642174,2.52177,1.98964,19.621975771098736
1.45324,4.95376,2.142097837454122,0.1395979528301487,4.798233979859805,0.04746330396225056,-0.6760001888648928,3.5850709709935584,3.1019879338555585,6.013585575558086,2.5312,1.96,19.722157799926265
1.39843,5.03773,2.1489779657400923,-0.0022453252259760506,4.724523635183589,-0.0007634105768318573,-0.727833409952017,3.6501886442202087,3.026397661096959,6.1000971766496255,2.53895,1.94394,19.82243290650811
1.34366,5.12168,2.1413778354994424,-0.14966381940040105,4.649673977602425,-0.05088569859613636,-0.7945349248479483,3.7494094318340583,2.9627556275777547,6.160798207115338,2.54067,1.92386,19.92266940385314
1.29025,5.20629,2.1189566998933334,-0.29897700603732424,4.573736591261856,-0.10165218205269025,-0.8614274225203311,3.8925254199034502,2.9202264085421166,6.20151598021562,2.52105,1.90979,20.022726788388216
1.23952,5.29224,2.0815629574276273,-0.45032717238488257,4.4967138006715235,-0.1531112386108601,-0.8648807025987997,4.113006146474042,2.892460504113589,6.21849106896603,2.41228,1.89477,20.12253127425934
1.19278,5.38023,2.0340399498225263,-0.502484266523681,4.418483827358904,-0.17084465061805154,-0.9341768495133742,4.317825434305677,2.883069843075612,6.224521527137057,2.37753,1.88942,20.222164941761847
1.15048,5.4705,1.99003817257033,-0.37962074047650374,4.49675712665465,-0.12907105176201128,-0.9794449819201692,4.521270170984726,2.8608082899114002,6.232730897319668,2.33187,1.87249,20.321854273688587
1.11154,5.56252,1.9591823299549287,-0.23822789896249777,4.573867572640481,-0.08099748564724925,-0.9669776244232942,4.712054072780252,2.8352497106922456,6.267809365909663,2.24578,1.86242,20.421774261678976
1.07471,5.65568,1.9422194521751417,-0.10082897794364636,4.604011794054556,-0.03428185250083976,-0.9554003654299281,4.864949405502758,2.775247857822576,6.318041679531815,2.17867,1.82498,20.52195027926802
1.03875,5.7494,1.9384956954842065,0.02641504066047053,4.527057555301062,0.00898111382455998,-0.9536984501322654,4.98187143215022,2.709763251467728,6.393105691694,2.13517,1.79071,20.622332349380166
1.00252,5.84308,1.9393824325038416,-0.00874930948796249,4.448725379822763,-0.0029747652259072468,-0.9478384054112485,5.089778533891184,2.645396442894075,6.477620415563666,2.09078,1.76116,20.722774149941486
0.9664,5.93672,1.9299114803560788,-0.18044655590511408,4.369050643358922,-0.06135182900773879,-0.946657128192561,5.218571789411383,2.565209495241213,6.536901856129074,2.04341,1.70775,20.823139004347798
0.93207,6.03075,1.9029602040148756,-0.35878261342362844,4.288111150325972,-0.12198608856403367,-0.9440874736661033,5.383579957733808,2.5285016813522327,6.581430192466447,1.98464,1.68874,20.92323990244567
0.90124,6.12562,1.8583152061834185,-0.5362209290832609,4.205903132186385,-0.18231511588830873,-0.9497548446646378,5.57825728851434,2.484831523591639,6.593908149336187,1.93023,1.65138,21.022993628190626
0.87558,6.22178,1.802810383980111,-0.5772983099727872,4.122250322291563,-0.19628142539074767,-0.9312047627292726,5.794893057040477,2.4764442616084255,6.600014344692429,1.85653,1.64494,21.12251840500525
0.85547,6.31934,1.7515868863656503,-0.450110598880959,4.172101678972789,-0.15303760361952606,-0.9142293054552135,5.995863063153902,2.4700985455348348,6.614472113373087,1.79902,1.64138,21.222129477180985
0.83971,6.41802,1.7132725755480027,-0.3168823109657865,4.087409740700981,-0.10773998572836742,-0.8804024082107933,6.1712729604650445,2.4168162624484073,6.644253064440226,1.73772,1.59325,21.322060053082456
0.82704,6.51753,1.6881085757037695,-0.1854030335949524,4.000590570160086,-0.06303703142228381,-0.8497056430057561,6.319919850561229,2.363764694619828,6.698638206731765,1.68835,1.54736,21.422373407128664
0.81619,6.61759,1.6746781530784824,-0.08195670401969403,3.9115468969529372,-0.027865279366695972,-0.81185585256886,6.447854621150055,2.254265508045072,6.767519617023813,1.63687,1.44587,21.523019947556044
0.80615,6.7179,1.6617123811008776,-0.1756866546301219,3.82027757356128,-0.05973346257424145,-0.7770442618084025,6.57356432534904,2.1097438057991136,6.836745233317046,1.58976,1.309,21.623831145842743
0.7979,6.81821,1.6340415392347871,-0.3756477176154479,3.726926336267663,-0.12772022398925229,-0.7307476339928347,6.721401244259062,1.9793132545769356,6.893028515822842,1.53171,1.18378,21.724479834855565
0.79346,6.91828,1.5861720246051738,-0.581590145981435,3.6316388534120407,-0.1977406496336879,-0.6489894769598161,6.89609958480207,1.9041087016798774,6.935358344673966,1.44262,1.11078,21.824648285477505
0.79483,7.01786,1.518038718346348,-0.7853230379493662,3.5343563482146534,-0.2670098329027845,-0.5790557671076416,7.090410251130142,1.8378667385421288,6.96278076478927,1.3758,1.04449,21.92423770911275
0.80394,7.11674,1.4413736288434449,-0.7539697862233008,3.607094599925554,-0.2563497273159223,-0.5058036607124686,7.287203389980083,1.8133566101719754,6.985364233555353,1.32079,1.01793,22.023536483022603
0.82048,7.21494,1.3802575104433692,-0.47287405617568873,3.70246050326304,-0.16077717909973419,-0.44898224935317066,7.459792153486933,1.7565078553465887,7.03440021929983,1.29286,0.95328,22.12311967236699
0.84175,7.31277,1.3470280329387225,-0.19272512173133063,3.7959218345445946,-0.06552654138865242,-0.4059472291118189,7.596720320420121,1.6864028014364747,7.120544331772485,1.2796,0.86625,22.22323521461693
0.86499,7.41052,1.3416742170729974,0.08543007060008927,3.887460005123619,0.02904622400403035,-0.3730957866403687,7.699263313375564,1.650968160970843,7.227216111942786,1.27131,0.80707,22.323709888540265
0.8874,7.50851,1.3586668001817244,0.2531010778501612,3.976931545608348,0.08605436646905483,-0.34841379524765714,7.77466688226229,1.621820339214298,7.350338090520612,1.26415,0.75126,22.42422977811442
0.90728,7.60688,1.3751025766553442,0.07417293693837884,4.064295204623565,0.025218798559048808,-0.32360887885312184,7.85087998671251,1.6333027628089143,7.462959986161373,1.25484,0.74015,22.52458849123889
0.92639,7.7052,1.3699989860373027,-0.1766901793913612,4.038073480651582,-0.060074660993062814,-0.2938794579377564,7.953573980368906,1.656754523748948,7.556541404389209,1.24529,0.74534,22.624748435827534
0.94718,7.80291,1.3397687771467417,-0.4287498235902211,3.950538750269537,-0.1457749400206752,-0.2503647853119365,8.084605474000183,1.6792492519234956,7.630707175144617,1.23023,0.75205,22.724645724079018
0.97209,7.89948,1.2858394623795013,-0.6507773823944951,3.8611707285428176,-0.22126431001412836,-0.20059297178797386,8.242992575138851,1.7020370702816532,7.685657505890443,1.22196,0.76062,22.824376727282637
1.00327,7.99439,1.21877883101568,-0.6903911516449833,3.769527321069896,-0.23473299155929434,-0.14174003913683197,8.414971081809288,1.7331774088033458,7.726282964146806,1.21981,0.77759,22.924277180234565
1.04105,8.08722,1.1513170197101272,-0.6557932574096537,3.861463489721354,-0.22296970751928227,-0.07884898413879116,8.58663688940694,1.7666129532944774,7.763656537281176,1.22621,0.79444,23.02450061711437
1.08499,8.17764,1.0866517665764652,-0.6310786161297488,3.942691271720787,-0.21456672948411462,-0.013279928421214171,8.75520933672561,1.8104050409655335,7.796151375738446,1.24088,0.81961,23.125031706832925
1.13469,8.26528,1.0242747226710662,-0.6077063224469125,4.017793634374535,-0.20662014963195025,0.05405561582166518,8.922661732429122,1.8451485000465353,7.833087163627592,1.26488,0.83159,23.225783181263825
1.18972,8.3498,0.9637769693952721,-0.5927307312300779,4.068232653913099,-0.2015284486182265,0.12312065240499259,9.090544098734444,1.897068245519233,7.8585527103781,1.29859,0.8612,23.326639174144763
1.24967,8.43084,0.9044867702541699,-0.5841494139560011,4.098005444208203,-0.19861080074504037,0.18362103024318022,9.269036830213777,1.934535182722522,7.892354581818182,1.35611,0.87121,23.427443361061776
1.31417,8.50808,0.8453192941031961,-0.5918058456777645,4.071410368948239,-0.20121398753043995,0.25571551056681363,9.446722734909685,1.9890609928948266,7.9095832921482065,1.4147,0.90204,23.528072718607177
1.38301,8.5812,0.7855391872295421,-0.5985305920933565,4.048473745503606,-0.2035004013117412,0.3199301275630262,9.643980075518632,2.043986404611311,7.9204099959540075,1.50321,0.93463,23.628499209136322
1.45597,8.64992,0.7250285489220019,-0.6086759394483221,4.014592198712886,-0.20694981941242954,0.38855279662049624,9.854674196477223,2.0825139236959007,7.942763117986011,1.6096,0.94479,23.728726949807257
1.53284,8.71395,0.6638474289014764,-0.6139626833248614,3.9972702925634325,-0.20874731233045288,0.49554853640265417,10.039920840383784,2.129022267455988,7.951849539384055,1.6835,0.96759,23.82877112904823
1.61338,8.77306,0.6081753784043556,-0.49935093465103564,4.083808687305875,-0.16977931778135213,0.5847294335653139,10.250568075975762,2.1799800123338944,7.959220858324428,1.80032,0.99165,23.9286745008632
1.6968,8.8281,0.569321613983278,-0.27794091913917773,4.168582937237194,-0.09449991250732044,0.6755223788705977,10.423816680078348,2.2431812362958694,7.974395155792238,1.89455,1.01358,24.028615973736077
1.78183,8.88087,0.5526693800863679,-0.0551844511200547,4.251776169647692,-0.0187627133808186,0.7594315572458363,10.538497922410171,2.3369080929132044,7.980914652403332,1.94757,1.05737,24.128689815473066
1.8672,8.9332,0.5572119717803764,0.1459971211754845,4.33341969900331,0.049639021199664735,0.8230040118953394,10.609082282061042,2.445562007054855,8.004957935021537,1.97457,1.09368,24.228822057033913
1.95173,8.98673,0.5715867680056002,0.14130301329312173,4.41349108405675,0.04804302451966139,0.8670202971967349,10.673131843436034,2.578213376450607,8.012734175865702,2.00513,1.15808,24.328875951510838
2.03545,9.04142,0.5793479332372662,0.013846940838371659,4.492093582790477,0.004707959885046365,0.9205814292638606,10.745494777374736,2.7103047132415083,8.009905680363223,2.03637,1.23266,24.42887612401069
2.11907,9.09621,0.574339409004539,-0.1140350337663078,4.423412104089719,-0.03877191148054466,0.9918013880605112,10.838220327591664,2.8310823076131024,7.995910763334144,2.07493,1.31058,24.528847362374528
2.20332,9.15005,0.5564795179919321,-0.24306839134608127,4.343579902341333,-0.08264325305766763,1.0872330492315867,10.94424032388553,2.93636675438496,7.9716244366801625,2.113,1.38782,24.628831401600795
2.28891,9.20186,0.5287645372735928,-0.31048957591541326,4.2621988582373,-0.10556645581124052,1.1909123736002956,11.08116069837709,3.0071045192053787,7.972619217450318,2.17655,1.42367,24.72888101029568
2.37624,9.25108,0.5065851574148439,-0.13250921707623808,4.179069442968095,-0.04505313380592095,1.276052626266562,11.233814145839407,3.0835268782573837,7.976422720789261,2.26752,1.45774,24.829126395725634
2.46428,9.29917,0.5053106203150514,0.1071854735370473,4.094190494801423,0.03644306100259608,1.3249946114998956,11.358548091475717,3.1943973906459577,7.9794060728235,2.35351,1.50826,24.929444338786684
2.55165,9.34812,0.5282976860158649,0.35290821797582694,4.007662647383486,0.11998879411178116,1.3353641144933648,11.432112467912813,3.336401790684887,8.00352097072887,2.41296,1.55685,25.029592326285186
2.63694,9.39994,0.575670438285782,0.5965670604994956,3.919537210172887,0.20283280056982853,1.3091223334946007,11.445890617223242,3.5230990289636823,8.03451336199042,2.43906,1.62778,25.129390605328464
2.7188,9.4566,0.6387907476158978,0.6688995453142951,3.8296056333349116,0.22742584540686034,1.2508104092168542,11.433248664015013,3.732931143945863,8.091071944894923,2.46214,1.70092,25.22894669605123
2.79681,9.51867,0.6957641272935539,0.4730782905571624,3.9196574511756506,0.1608466187894352,1.2008342312006535,11.429850983137216,3.9234403265798323,8.169530183920651,2.48993,1.75769,25.32863744286356
2.87208,9.5846,0.7324070763186807,0.26030543090645647,4.00801025752745,0.0885038465081952,1.1877821305510974,11.457578450241723,4.07859255769262,8.242929941815047,2.51891,1.80437,25.428699112847625
2.94581,9.65266,0.7479738174734235,0.05067690402844972,4.094695573158107,0.017230147369672905,1.2127755017416542,11.520518513872622,4.195628501677638,8.305609995225023,2.548,1.83755,25.529039914618387
3.01921,9.72111,0.7444470100673833,-0.12118344980035319,4.179602957599104,-0.041202372932120084,1.2705971340336457,11.619140657781093,4.291270926391073,8.340352324102781,2.58073,1.8774,25.629404064094185
3.09329,9.78853,0.7331604607790349,-0.10411094408650257,4.2626570953270235,-0.03539772098941087,1.3396087187250891,11.735711910892249,4.368926362155854,8.372140331142669,2.62048,1.90615,25.72957043968999
3.16794,9.85506,0.7262601713910234,-0.03374739668764991,4.343985005753517,-0.01147411487380097,1.404075375889324,11.840935605346644,4.464864711306921,8.394896271474511,2.65611,1.95297,25.829564756528498
3.24276,9.92129,0.7266007908739189,0.040578988781468775,4.4237609682081,0.013796856185699384,1.4441055618689127,11.944945569456262,4.565679088508174,8.432881484920655,2.70746,1.99135,25.92948695276137
3.31733,9.98784,0.7341383587557752,0.11017477700356325,4.502143552567219,0.03745942418121151,1.4349980041210817,12.073762281915242,4.675159929951744,8.483149163240753,2.80967,2.02677,26.029434876201528
3.39122,10.05526,0.748006646469286,0.1670706307089982,4.579244276283284,0.05680401444105939,1.482658433943565,12.112165537323532,4.7796147582710145,8.558951514558053,2.80597,2.04122,26.129460815337335
3.46403,10.12396,0.7672401819088848,0.21737774996819373,4.655127524613339,0.07390843498918587,1.5231968840146246,12.136587878246374,4.875308982006262,8.660475375910163,2.79598,2.0331,26.22956569084298
3.53531,10.19421,0.7914415604005937,0.26636223630676004,4.729774686055841,0.09056316034429841,1.553199200906894,12.152507060131196,4.9629172041315845,8.783754544052666,2.78634,2.00685,26.329645163763253
3.60465,10.26629,0.8206668254429746,0.3181042353846532,4.803216967799263,0.1081554400307821,1.5747144240727655,12.157861880760803,5.043781519797619,8.925252014436207,2.77465,1.9671,26.429662972177553
3.67161,10.34048,0.8526065259240367,0.32083744776048606,4.8754964905013605,0.10908473223856527,1.5888849857263674,12.160511495062352,5.121364799408211,9.073582364950958,2.76591,1.92531,26.529601942054175
3.73615,10.41677,0.8813358576559006,0.253956601714484,4.946712140018539,0.08634524458292456,1.5996962925832867,12.17812537756166,5.198520117395238,9.211148992946192,2.7689,1.89527,26.629529794527848
3.79877,10.49472,0.9029261431968157,0.1779378031198448,5.016958474224354,0.06049885306074724,1.7908073817396644,12.078587616364793,5.264002883613537,9.338954004316808,2.55745,1.8662,26.729517128225673
3.86003,10.57382,0.9169924856243197,0.10330617283505485,5.086276454099848,0.03512409876391865,1.8677633390474409,12.100342443744912,5.316958243080795,9.457486676967175,2.50986,1.83544,26.829565104716956
3.9205,10.65359,0.9235188612727881,0.027145712673476586,5.15469721761391,0.00922954230898204,1.9579602854052605,12.137107810556515,5.3568659818499,9.567816040520231,2.46016,1.80057,26.929664424394964
3.98075,10.73352,0.9226284719583281,-0.044959572235888805,5.222218250235109,-0.015286254560202195,2.1466520884887266,12.1225143631959,5.384380579717534,9.67052606112649,2.3007,1.76072,27.029758716939543
4.04133,10.81314,0.9167863405217765,-0.07185488244917741,5.288845640190022,-0.024430660032720323,2.306489119858316,12.14298432569727,5.418258262127368,9.757654014373044,2.1859,1.73493,27.12980511017788
4.10244,10.89227,0.9116088177766746,-0.03167888871764178,5.354600620651093,-0.010770822163998207,2.4423237886218736,12.178534427254185,5.443648781216716,9.853096276512359,2.10011,1.69668,27.22978505316646
4.16378,10.97118,0.9105560675518164,0.010622522002528213,5.4195365242340685,0.0036116574808595925,2.574975386420195,12.204870833015926,5.475230576345373,9.952851792640807,2.01154,1.66039,27.329731957570747
4.22504,11.05016,0.9138107761027533,0.05448387385852904,5.483707508667467,0.018524517111899876,2.6794853277565966,12.242224685621794,5.521078962730108,10.050543288662368,1.95186,1.63675,27.4296850865863
4.28589,11.1295,0.9214066404538701,0.09739611314874219,5.547158062368315,0.03311467847057235,2.7747000706050016,12.276858600131249,5.557196249182877,10.16427112305497,1.8974,1.59621,27.52967287634085
4.34601,11.20949,0.9332876556357784,0.1399623781198244,5.607952154123241,0.0475872085607403,2.8629287993953447,12.307976504474706,5.613152893490679,10.270944378106174,1.84559,1.57687,27.629736928327564
4.40508,11.29042,0.9491031208417515,0.17571442322559674,5.5450668294844485,0.0597429038967029,2.967900588293265,12.32011345873725,5.657927686574879,10.392794375007055,1.76798,1.54122,27.729931388254247
4.46278,11.37247,0.968290765050969,0.2070316092791315,5.48138825522115,0.07039074715490472,3.0502627414103776,12.344029605112551,5.704614347881193,10.518309754306902,1.71439,1.50723,27.830238379536013
4.51877,11.45571,0.9906483042927473,0.23884749089008084,5.4169538056750435,0.0812081469026275,3.1300504865503793,12.365849036117146,5.748326110026652,10.649883479962265,1.66039,1.47009,27.930556761201586
4.57272,11.54022,1.0161797265805936,0.2705541190341559,5.351780259981358,0.09198840047161301,3.1980363984796254,12.391802481096793,5.800573913654222,10.779594877929993,1.61708,1.44436,28.030819130014617
4.62431,11.62608,1.044890167556931,0.3028150039376648,5.2858662071665785,0.10295710133880605,3.2472822265733985,12.425349456198456,5.85339321255889,10.91268213694887,1.59218,1.42112,28.130986328737553
4.67321,11.71335,1.0769701324659382,0.3384881863532126,5.219207545662927,0.11508598336009229,3.3098216192116183,12.447279661160547,5.90326037428947,11.051197918367437,1.54838,1.39695,28.23102263664623
4.71908,11.80213,1.1122981181540643,0.36844693840888704,5.151758873643949,0.1252719590590216,3.34195398502379,12.48185147713291,5.951619171724902,11.193773656921625,1.53574,1.3745,28.33095233843704
4.76162,11.89247,1.1479857830249411,0.3459758320216239,5.083466964462572,0.11763178288735214,3.3690248426025082,12.519065174329532,6.000690175079805,11.334953058887265,1.52707,1.35872,28.430807068920878
4.80102,11.98424,1.1784689389830925,0.26424646177260974,5.014234110542195,0.08984379700268733,3.635070926164722,12.46668426582006,6.042711133385989,11.470455323923904,1.26182,1.34379,28.530677449414796
4.83802,12.07711,1.200603934905378,0.17866208129679162,4.943961919055501,0.06074510764090915,3.735345525640958,12.505040886472347,6.077680429095531,11.596016985984324,1.1828,1.32974,28.630646629165355
4.87339,12.17072,1.214416639872815,0.09750483782351298,4.872604458629887,0.03315164485999442,3.882580585735978,12.539573795162507,6.1150319023724595,11.708487484513585,1.05724,1.32489,28.730715950138368
4.90787,12.26474,1.219896840977073,0.01201292232760732,4.800132586553445,0.004084393591386489,4.011740100398304,12.592766708424566,6.145293283840325,11.811783473377604,0.95428,1.31772,28.83085900181945
4.94224,12.35881,1.2170931807137781,-0.0680386144696091,4.726542869390806,-0.023133128919667095,4.064069128628635,12.6830577063525,6.174382813958381,11.903864960999988,0.93612,1.31345,28.931011195005624
4.97723,12.45259,1.209481415520481,-0.08407808677450948,4.651832242663382,-0.028586549503333225,4.118970401071546,12.776930424318602,6.201720896559493,11.989849009441645,0.9175,1.30901,29.031106092477973
5.01298,12.546,1.2047569305841643,-0.010334532392289729,4.57596121635029,-0.0035137410133785083,4.172481591798439,12.868174553170547,6.232712544945122,12.078459807394385,0.90013,1.30627,29.1311235439552
5.04881,12.63933,1.2079392196202998,0.07402096104823865,4.49884666989228,0.02516712675640114,4.21518103905349,12.955832466927577,6.2667240649591855,12.176926671752254,0.89169,1.30274,29.231094928861083
5.08394,12.7329,1.2193797136687337,0.15487782976377582,4.42040612313213,0.05265846211968378,4.22934716968649,13.04622338370563,6.305364985981141,12.28508321992028,0.91022,1.30093,29.33104222397206
5.11762,12.82701,1.2389259407699729,0.23599990327542664,4.340541919655684,0.08023996711364506,4.237505473218815,13.130311579040946,6.343186876568572,12.40466000170717,0.93091,1.2963,29.430997386420028
5.1491,12.92198,1.2666487538641948,0.3176291032550137,4.2591013199280185,0.10799389510670467,4.213888647143394,13.215530277615466,6.375102738414284,12.537154213700957,0.9802,1.28498,29.53104882968798
5.17761,13.01813,1.3021120848598813,0.3890737302457602,4.175874694168757,0.1322850682835585,4.17278379464781,13.294800969632734,6.408946796864004,12.679091125696932,1.04222,1.27716,29.63133662854706
5.20242,13.11563,1.3441091881174299,0.44641157903946005,4.09068207605304,0.15177993687341643,4.118839832425232,13.365559472729085,6.442442705909281,12.829616809343651,1.11203,1.27258,29.731943716269548
5.22285,13.21427,1.3920003270858679,0.5054207695669212,4.003566593641561,0.1718430616527532,4.086646179179745,13.419611495206045,6.480112701340351,12.987050025705566,1.15461,1.27763,29.832677198786534
5.23822,13.31372,1.4459660647144519,0.5677562510691325,3.9146047710419847,0.19303712536350506,4.036950602908803,13.464458554166313,6.526179554954778,13.152103328828085,1.21069,1.29806,29.933307906823394
5.24787,13.41366,1.5063020433840824,0.6341617001053749,3.8237804376672475,0.21561497803582746,4.004889584245959,13.493936465741278,6.573687835017305,13.328033574464264,1.24557,1.32858,30.033712717963102
5.25114,13.51377,1.5733955411754523,0.7047336285124806,3.7309721380458334,0.2396094336942434,3.970774325033263,13.510442047630798,6.629795342947462,13.517353428863002,1.28037,1.37866,30.133876109479164
5.24735,13.61372,1.645719748802115,0.73949750165516,3.6422197762517916,0.25142915056275444,3.9532906283708438,13.51658281505647,6.693950222425266,13.722307501026457,1.2977,1.45067,30.233897940096288
5.23617,13.7132,1.7180246870298905,0.704046343813321,3.7327927671800776,0.23937575689652915,3.933526816321993,13.520016128734241,6.721297380934361,13.933446542081931,1.31689,1.50137,30.334004197642955
5.21797,13.81183,1.786541857403242,0.6617130975491502,3.8256774413508268,0.2249824531667111,3.925543340406601,13.528586395355081,6.741492040990578,14.145719641971572,1.3231,1.55968,30.434299346578484
5.1932,13.90927,1.8510692047792392,0.6220556635902311,3.9165777716684116,0.2114989256206786,3.8984908775124874,13.536588250315884,6.755647757824077,14.35902025977815,1.34728,1.62589,30.534838426045127
5.16232,14.00516,1.9118839155900482,0.58580197837924,4.005590920684747,0.19917267264894162,3.865118222473875,13.544703923502945,6.753255756485165,14.569880191632084,1.3765,1.68819,30.63557802352298
5.1258,14.09915,1.9696677789819919,0.5610331444491953,4.092750694808424,0.1907512691127264,3.8388056161889104,13.556728749550947,6.751648321371513,14.7843858414396,1.39663,1.76435,30.736413684377663
5.08405,14.19087,2.026048051250539,0.5580981007845605,4.178041880357614,0.18975335426675058,3.8223642773764985,13.573213303340754,6.73481446564046,14.998999717668376,1.40476,1.83796,30.837188784972998
5.03727,14.27999,2.0825084364634643,0.5639115616217724,4.170892574279841,0.19172993095140262,3.798969649757077,13.584549786187013,6.708001552244361,15.21828732640307,1.42022,1.91618,30.937840376117897
4.9856,14.36617,2.1397419035613927,0.5751526503514702,4.12993238042976,0.19555190111949988,3.7705483526489947,13.589166424223409,6.655147097316628,15.43381520452331,1.44225,1.98173,31.038323117422063
4.92914,14.44908,2.1980843131929726,0.5880547058956922,4.0843752779213185,0.19993860000453537,3.758288513457215,13.600248765088992,6.5913917436060245,15.654161273308457,1.44617,2.05312,31.138631639991186
4.86801,14.52837,2.2576023771594937,0.6005270233213682,4.041738638020018,0.2041791879292652,3.7386493829190277,13.602316202056013,6.519810770804892,15.882814589368044,1.46049,2.13611,31.23875047438312
4.80233,14.60373,2.316866452353607,0.5842974727698792,4.09748620161751,0.19866114074175895,3.728274218425642,13.610998826435528,6.448314224826939,16.125084737075106,1.46257,2.24138,31.33871542824196
4.73239,14.6751,2.3722536726907353,0.5232326816727683,4.181970564246659,0.17789911176874124,3.7057480972667474,13.61494293052763,6.285340836267972,16.278747584644023,1.47578,2.23234,31.43864180363905
4.65872,14.7428,2.4211044131310437,0.45290969457093533,4.264885375273633,0.15398929615411802,3.677807836358034,13.625501547786252,6.117879541080894,16.40484147242859,1.48679,2.21168,31.53869458421011
4.5819,14.80722,2.463341834266872,0.3897522958075207,4.346382251937625,0.13251578057455704,3.643387292780413,13.642483318003865,5.922998142077439,16.47158339989692,1.4958,2.13744,31.638950500743746
4.50246,14.86871,2.4991960439394045,0.32446117287710496,4.426538380026864,0.1103167987782157,3.600976093461566,13.663961577153053,5.740323595487698,16.52299822805044,1.50469,2.06615,31.73940812215696
4.42097,14.92764,2.5286910879250346,0.26253501941012214,4.50535221963532,0.08926190659944154,3.5464506088818806,13.684094141513715,5.580902110716849,16.577035984876876,1.52026,2.01642,31.839973349745822
4.33798,14.98438,2.5522505308610732,0.20650010640941327,4.582785787154304,0.07021003617920052,3.4865837386382688,13.710984677981237,5.437964182692214,16.62957716153625,1.5318,1.97905,31.940505770884478
4.25401,15.03927,2.571634036698521,0.1798214717441225,4.658772109419899,0.06113930039300165,3.4184329317894533,13.735534922048705,5.304400716632665,16.678174746106958,1.54852,1.94662,32.04082462753666
4.16922,15.09254,2.58872971682432,0.16152277154416309,4.73340292218479,0.05491774232501545,3.347062031032228,13.760141829908646,5.175812655013646,16.723835033546226,1.56564,1.91686,32.14095972128505
4.0837,15.14436,2.604038229201911,0.1445168432971525,4.806773098539404,0.04913572672103186,3.2773904285855107,13.791741628416434,5.056226978475201,16.77581509439822,1.57471,1.89933,32.24095463515571
3.99749,15.19491,2.6176242038937625,0.12731128854897975,4.878998751209673,0.04328583810665312,3.2010654345427403,13.81663910484324,4.9374664122756995,16.82160785358723,1.59183,1.87875,32.34089194850763
3.91066,15.24435,2.6293721692828527,0.10777386477967175,4.950157600614218,0.0366431140250884,3.122649878341139,13.842888960847223,4.82322278162314,16.867325579975326,1.60781,1.86194,32.4408107280238
3.82327,15.29287,2.639248917952231,0.08981807321036533,5.020333882389437,0.030538144891524215,3.0418070104338217,13.870346032701631,4.715507332779834,16.91704031560546,1.62304,1.85311,32.54076673084504
3.73538,15.34064,2.6475328585872506,0.07579722034783538,5.089595674243271,0.025771054918264032,2.9588044133093447,13.898837264617637,4.607147315808338,16.959177232036485,1.63764,1.83838,32.64079985036053
3.64704,15.38779,2.6569124394311596,0.11156898602780926,5.157996822417828,0.037933455249455156,2.8773917614447586,13.926175794476254,4.49675752354481,17.00146120832618,1.65187,1.82372,32.74093514933147
3.55814,15.43397,2.6713143454008454,0.17606041616617404,5.225531856614246,0.05986054149649918,2.803476378552557,13.949335397357373,4.37718042545544,17.045251797659795,1.66543,1.8075,32.841114001391176
3.46847,15.47856,2.6924008458909423,0.24525506621872087,5.190162286710854,0.0833867225143651,2.7408396688406684,13.96913725481661,4.245733695436783,17.090943995906667,1.67565,1.78995,32.94125878158465
3.37783,15.52089,2.7202505541345197,0.3115358557932756,5.122257731049124,0.10592219096971371,2.688824327589309,13.98355978424091,4.100646507136894,17.13365996890766,1.68467,1.76734,33.04129596717081
3.286,15.56034,2.7547941870881956,0.379596749382079,5.053504483943577,0.12906289478990687,2.6487758592013764,13.995898511166539,3.946419727226666,17.18172870009318,1.68924,1.75073,33.141241209178624
3.19279,15.59626,2.793501570021192,0.3949487510170025,4.983840458150283,0.13428257534578086,2.6156386213243783,14.005727345134709,3.783950519946777,17.225399504786576,1.69201,1.73308,33.24113290302751
3.09819,15.62849,2.8309123412413215,0.3534572208558875,5.053537695150363,0.12017545509100175,2.580564781648932,14.016341049863254,3.6256681372373585,17.27132596513365,1.69321,1.72544,33.34107254931466
3.0024,15.65739,2.8641163446106415,0.31028683025451664,5.122365256915264,0.10549752228653567,2.5385444505913006,14.028820571058526,3.4738981786671492,17.31279224873399,1.69334,1.72124,33.441127204878505
2.90565,15.68333,2.8928742196979917,0.26402897882403176,5.190356005282743,0.0897698528001708,2.489257077907354,14.043840900911157,3.3299004141254667,17.35375687888886,1.69154,1.72346,33.541294295781654
2.80817,15.70672,2.9172051870913274,0.22157959099403335,5.25752069091083,0.07533706093797135,2.432465396540508,14.060559457695774,3.193173264025188,17.39362289142261,1.68849,1.73028,33.641541203464634
2.71019,15.72794,2.9372983569068243,0.17941685436008709,5.323841142355733,0.061001730482429614,2.3687108380617095,14.07975294809663,3.0633588875847617,17.432548809358366,1.68319,1.74081,33.74179273113379
2.61192,15.74738,2.9538361047815895,0.1508227879939517,5.3892954244725315,0.05127974791794358,2.298465949422136,14.097573277812115,2.939334003679547,17.470662322283417,1.67932,1.75411,33.841967111591075
2.5135,15.76531,2.968855595882278,0.1494034429248921,5.425151811885153,0.05079717059446332,2.226023252753147,14.11765086586686,2.817621540050288,17.508367962598328,1.67255,1.76939,33.942007010131604
2.41493,15.78175,2.9837497822634593,0.14856943698560726,5.360293947014325,0.05051360857510647,2.153202113614037,14.137388933479652,2.6956855254182024,17.54565625234085,1.66506,1.78611,34.04193857921766
2.31616,15.79672,2.99856309663854,0.14793241232243215,5.294663830633354,0.05029702018962694,2.080001477511777,14.156877675306502,2.5732722531467185,17.582061263423277,1.65676,1.80376,34.14183659621499
2.21717,15.81023,3.0133718588460807,0.14840768748502775,5.228203464944844,0.05045861374490944,2.0059675401449173,14.172088854997178,2.4501243823869876,17.61708470689447,1.6517,1.82181,34.241744254580105
2.11791,15.82228,3.0281042360290256,0.14620783673940674,5.1608323187051015,0.04971066449139829,1.9320274581457637,14.191419093290353,2.3262376928792694,17.650065905619037,1.64142,1.83962,34.34173300444728
2.01836,15.83289,3.0426836492303893,0.14495799721622557,5.092484026889245,0.0492857190535167,1.857419828131406,14.211045711179738,2.201152075239417,17.67494273193513,1.62981,1.8511,34.441846812685704
1.91848,15.84207,3.0572397973108005,0.14523001529428667,5.023075422164979,0.04937820520005747,1.7823315945212619,14.231865660735695,2.0759637566463987,17.704603956413287,1.61595,1.86918,34.54214779373773
1.81825,15.84981,3.0731533310184127,0.17141712771996281,4.9525334781024375,0.05828182342478736,1.70887084417349,14.254114379315817,1.9473749027462735,17.733569664047078,1.59944,1.88818,34.64267620017094
1.71774,15.85583,3.092703195268872,0.21720716937716505,4.880856175260459,0.07385043758823612,1.6401887096814245,14.270836097970744,1.8110269367525933,17.76242917177977,1.58689,1.90888,34.74336632133483
1.61714,15.85965,3.117036361633415,0.26651563008954293,4.808123282381652,0.09061531423044461,1.5787427299091952,14.296321470979445,1.664629060069845,17.79314689308612,1.5638,1.93408,34.84403882204878
1.51661,15.86077,-3.1367119711930536,0.3195087971861577,4.734373858009107,0.10863299104329363,1.5241754181334075,14.310708462238203,1.5069996328680142,17.829816547378602,1.55008,1.96907,34.94457506078885
1.41635,15.85867,-3.1020311179561255,0.37236144810332333,4.6596482586726085,0.12660289235512995,1.4768839282067507,14.329347563776736,1.3372230448154943,17.85772460389736,1.53052,2.00062,35.044857051195905
1.31652,15.85285,-3.062132080494662,0.4256834731887235,4.58392030352396,0.144732380884166,1.4367586628386921,14.342849631669328,1.1539924569186706,17.893929334406174,1.51478,2.04754,35.14485655769469
1.2173,15.84282,-3.016814223134821,0.48291234463608335,4.507132753486218,0.16419019717626834,1.4042673360085318,14.352209903641509,0.9571942590549154,17.916531119015232,1.50229,2.08996,35.244582227910534
1.11888,15.82806,-2.9679249292526757,0.49857628764905115,4.43576667583797,0.1695159378006774,1.3755011511152435,14.365289581615665,0.7494126563823016,17.934066844931916,1.48511,2.13817,35.34410284888931
1.02133,15.80844,-2.9221557465590005,0.4204375597521398,4.51359618443139,0.14294877031572756,1.340647067845893,14.376706240433542,0.5421378065639779,17.95701177942697,1.46691,2.20136,35.44360635083773
0.92451,15.78471,-2.8850109049742274,0.32461338039563675,4.590245085250705,0.11036854933451651,1.2915711616674075,14.385660657197763,0.3528371107208804,17.96363455963103,1.4464,2.25267,35.543291983202685
0.82824,15.75778,-2.857331046508273,0.2293833188489661,4.582530625913889,0.07799032840864847,1.2234512074292903,14.405123012577734,0.18160366815885265,17.970969140752103,1.40921,2.30572,35.64325766631444
0.73233,15.72856,-2.8390108416186046,0.13637904349867477,4.505302494693211,0.04636887478954942,1.1472423341275806,14.399425820509906,0.027057402226992933,17.9878370531368,1.39239,2.3668,35.74352000470728
0.63658,15.69795,-2.8299014895164745,0.04514618785375158,4.426520525260994,0.015349703870275538,1.054609375580772,14.400500641430831,-0.0724933544345362,17.898720621948357,1.36313,2.31218,35.84404380586899
0.54083,15.66686,-2.828462169254647,-0.01647560755572872,4.346192235517846,-0.005601706568947765,0.9502838852508825,14.402265239314602,-0.15266609584636903,17.80871665578858,1.32923,2.25133,35.944714807652026
0.44497,15.63591,-2.8256695939751784,0.07201099013149492,4.2643005587616996,0.024483736644708275,0.8445442079571774,14.413487610956265,-0.23447423897084374,17.714542287281553,1.28607,2.18686,36.04544733516921
0.34947,15.60431,-2.811733956010545,0.20560078231354606,4.18092252785933,0.06990426598660567,0.7574791699647401,14.412579557817422,-0.337392726871987,17.61052770653984,1.25964,2.12054,36.146039631096876
0.25494,15.57085,-2.784266494338462,0.34290940812177056,4.096116896952728,0.116589198761402,0.6899845950586548,14.405614126749331,-0.46370904031625987,17.495700122412785,1.2438,2.05463,36.24631670973402
0.16198,15.53431,-2.742904768268993,0.4854872570778813,4.009861399815395,0.16506566740647965,0.6407820316537194,14.39768099100706,-0.610855766163387,17.368946223189397,1.23336,1.99077,36.34620030798718
0.0712,15.49345,-2.6877255084356015,0.6219293743294785,3.9220053924839413,0.2114559872720227,0.6105611877385992,14.387824503703351,-0.7671583685984297,17.211983718086724,1.23017,1.91212,36.44575204328095
-0.01679,15.4471,-2.6234686833714296,0.6679846075656861,3.8322274390864575,0.2271147665723333,0.5883475482194904,14.385591977357258,-0.9273242067371424,17.044322595401646,1.22188,1.83853,36.545203350964655
-0.10169,15.39489,-2.5591478641511394,0.621630605522869,3.922199587215678,0.21135440587777546,0.5673733249999535,14.379108066689506,-1.0759416488729767,16.874013404982925,1.21633,1.77115,36.644872273402896
-0.18349,15.3373,-2.4993189176010633,0.5741175944801834,4.0104768085082325,0.19519998212326237,0.5427530087680543,14.366495898074424,-1.2003703824053924,16.696613114877902,1.21239,1.69758,36.74491150620683
-0.26218,15.27483,-2.44398573874146,0.5274550647184447,4.097221989359789,0.17933472200427122,0.5101793724417882,14.353386334493894,-1.2932408657670462,16.504910889040925,1.20233,1.60505,36.84538347742269
-0.33776,15.20799,-2.392978898741439,0.4840584847614384,4.182522830379609,0.16457988481888908,0.47371373181767656,14.33450820564485,-1.3571847230378524,16.305313180498434,1.19225,1.49778,36.9462790769303
-0.41023,15.13729,-2.3459704684604255,0.4452164443535889,4.266404425946558,0.15137359108022025,0.4345502035247423,14.309609665189093,-1.4037701493981158,16.110719112177136,1.18267,1.39093,37.04752329108598
-0.47958,15.06324,-2.3026773287028957,0.4088969760622475,4.348836815905019,0.13902497186116416,0.3934234748811273,14.279011638331362,-1.4456774612184922,15.931095685599388,1.17352,1.29866,37.148976851890914
-0.54583,14.98634,-2.262743748101028,0.37880313207151467,4.429773833976973,0.128793064904315,0.35119496335350053,14.243051350335113,-1.5061801702157036,15.782100887809063,1.16496,1.2472,37.25047893315036
-0.60896,14.9071,-2.225451925918518,0.3578133117425836,4.50911177127484,0.12165652599247842,0.3052456739084505,14.205377058452841,-1.5434254749545702,15.624373892050958,1.15247,1.17801,37.35179218253069
-0.66898,14.8259,-2.1896447608868663,0.3512100485321462,4.586819175116355,0.11941141650092972,0.25830846979737154,14.165511158573338,-1.5965617067235467,15.486497676541353,1.13841,1.13877,37.4527666367258
-0.72592,14.74287,-2.154468161875671,0.34732099022246915,4.663009660485128,0.11808913667563951,0.21683569230677957,14.120246723352583,-1.6468966840139783,15.351109786188488,1.1298,1.1037,37.55344505794902
-0.7798,14.6581,-2.1198134648981313,0.34250296307624933,4.737801963774451,0.11645100744592478,0.17939839869466045,14.07130682140843,-1.6910150202193397,15.215539168812766,1.12445,1.0682,37.65388910854436
-0.83064,14.57169,-2.085831441831477,0.3352135351839542,4.811295451561524,0.11397260196254444,0.1443904794558971,14.019834492614232,-1.7371711006453492,15.08477568403604,1.12037,1.04166,37.754145747726014
-0.87848,14.48375,-2.0524831583003706,0.330885431539947,4.883578331200815,0.11250104672358198,0.11353989268859133,13.965164901284162,-1.7862474594902382,14.958291570245052,1.11939,1.02432,37.85425623269138
-0.92333,14.39438,-2.0196766047818704,0.32512586300069407,4.954723553747055,0.11054279342023599,0.08654446653681802,13.907948907000202,-1.834993697171316,14.83350543920835,1.12092,1.01191,37.95424882941734
-0.96522,14.30367,-1.9875211022814498,0.3184450894274518,5.024807748584061,0.10827133040533363,0.06472731320356662,13.847763948685968,-1.8833155141455022,14.710064866239604,1.12634,1.00402,38.05416417458513
-1.00418,14.21173,-1.9562599266679077,0.30754645588229906,5.093885721862259,0.10456579499998168,0.042367930974435586,13.787080774670283,-1.9309339513066637,14.587771398435711,1.12942,1.00014,38.15401829417967
-1.04029,14.11866,-1.9272048198113692,0.27434665686330123,5.162022784393954,0.09327786333352242,0.022388652304952572,13.723016213829498,-1.977211691308073,14.467483460874437,1.13394,0.99975,38.25384793406683
-1.07385,14.0246,-1.901568478785141,0.23895906499600109,5.229297573859523,0.08124608209864037,0.0008154486853200194,13.655572953563048,-2.0215901822730817,14.350042453446052,1.13626,1.00206,38.35371563254837
-1.10518,13.92969,-1.879438218301882,0.20384474452908835,5.2957704551868785,0.06930721313989005,-0.02072526130636909,13.583932545525151,-2.063910245337211,14.235362627292094,1.13824,1.00628,38.45366300369939
-1.1346,13.83406,-1.8609182640916155,0.1664062265724103,5.361488299031262,0.056578117034619506,-0.04237588909182377,13.507981311412653,-2.103368463329167,14.123281549782938,1.13986,1.01102,38.55371615607352
-1.16245,13.73786,-1.8459906611869774,0.13174624769264304,5.426472904064931,0.04479372421549863,-0.059542348633741415,13.426444725073154,-2.138892293159196,14.01356671469881,1.14603,1.01462,38.65386635577377
-1.18905,13.64122,-1.834537532957955,0.09685413622928504,5.490741844096492,0.03293040631795692,-0.06950869762000234,13.338908568086984,-2.1731523305345197,13.906958641406415,1.15964,1.01935,38.75410033005395
-1.21472,13.54429,-1.8266353202716634,0.06079463371102617,5.554290818959256,0.0206701754617489,-0.06875455901380323,13.244538705648647,-2.204461401366392,13.803177620448121,1.18452,1.02304,38.854371830491516
-1.2398,13.4472,-1.822101263332416,0.029652711985281643,5.617124301969432,0.01008192207499576,-0.053385325552389506,13.142608909592926,-2.2318867134597467,13.701900805999191,1.22489,1.02426,38.954648819377304
-1.26458,13.35008,-1.820083638704382,0.010600347673694385,5.679234591643415,0.003604118209056091,-0.008273053631760785,13.030245728998736,-2.2579054008060204,13.602963665375126,1.29638,1.02501,39.054880265540675
-1.28924,13.253,-1.8192021224061607,0.0069974434325330345,5.740631244569279,0.002379130767061232,0.05615617666142336,12.911747706491482,-2.282913945635945,13.505039896374152,1.388,1.02514,39.15504334257009
-1.31382,13.15595,-1.8187677232839905,0.0016781460044784844,5.801348756119965,0.0005705696415226847,0.11414372420177132,12.794415046276564,-2.3064691253824714,13.407271059160221,1.47302,1.02397,39.25515767171432
-1.33837,13.05895,-1.8189388458280167,-0.005101502740769022,5.86140400056802,-0.0017345109318614674,0.1316800570751342,12.686491841687694,-2.3304235630799157,13.310300925958993,1.5165,1.0234,39.355216167105766
-1.36296,12.962,-1.8197040045438997,-0.010200332126713335,5.920827291441844,-0.003468112923082534,0.14153043139314447,12.579590571838938,-2.3537742326836684,13.213843877653344,1.55233,1.02232,39.45523601813545
-1.38764,12.86511,-1.8209306464474349,-0.014337902265535319,5.979639028693766,-0.0048748867702820085,0.1613071478740431,12.469377232727858,-2.378231764219616,13.11819134020561,1.5987,1.02241,39.55521988933476
-1.41245,12.76829,-1.8226551978265952,-0.020169998687083787,6.037857278635344,-0.006857799553608488,0.16853633780087018,12.36146595967422,-2.4028072142934573,13.02313162237928,1.63249,1.02262,39.65516811843363
-1.43745,12.67154,-1.8249745410518259,-0.026250077065427774,6.095507773939083,-0.008925026202245443,0.18226152370710036,12.250743267158093,-2.428578182961124,12.929032457831644,1.67348,1.02403,39.75509590485963
-1.4627,12.57487,-1.8278398540985188,-0.031102454548323975,6.152609816782706,-0.010574834546430153,0.18274384419424594,12.142351386292727,-2.456606729614951,12.8361266587211,1.70134,1.02767,39.85500912420522
-1.48825,12.47828,-1.8312633237705926,-0.03742825508005787,6.209186126879678,-0.012725606727219677,0.18215995790678563,12.033079583416805,-2.4842616018853008,12.743738654614758,1.72872,1.03078,39.95492123858581
-1.51416,12.38179,-1.8351961523206806,-0.041295762332223325,6.265249376543151,-0.014040559192955932,0.16986257212217137,11.925860620509026,-2.5174982643040797,12.65343207881563,1.74465,1.03946,40.05482943744857
-1.54047,12.2854,-1.8395280180076978,-0.04541255441659646,6.320819819574319,-0.015440268501642797,0.14571706038209542,11.821035618290992,-2.54756801333623,12.562747903605233,1.74896,1.04459,40.15474564334131
-1.56722,12.18912,-1.8438320084721627,-0.040722424288466806,6.375911859208474,-0.013845624258078715,0.11307211327685818,11.71858932197827,-2.58240751898414,12.47340204111204,1.74493,1.05424,40.25467262118013
-1.59437,12.09292,-1.8476874392531704,-0.03643143907535393,6.430548706104052,-0.012386689285620336,0.077650734432122,11.617746140734713,-2.616812944403178,12.383489458718842,1.73823,1.06293,40.35463042477745
-1.62187,11.99682,-1.8510814187504012,-0.03146808882182013,6.484724951586927,-0.010699150199418845,0.04236851703120936,11.51774728022798,-2.651066342203725,12.293087563689435,1.73182,1.07099,40.454587715657105
-1.64968,11.90078,-1.854034403810658,-0.027604137691697412,6.5384673593863445,-0.009385406815177121,0.008403001512668373,11.418172672874995,-2.6915927848858194,12.204042709859745,1.72689,1.08515,40.55457310308947
-1.67776,11.8048,-1.856458388999715,-0.020879164619621558,6.591781098261272,-0.00709891597067133,-0.025130961386928607,11.319431721645476,-2.7264569066456694,12.112796652728246,1.72243,1.09299,40.65457633703718
-1.70604,11.70888,-1.8583600034940042,-0.01714876219091874,6.6446664487580716,-0.005830579144912372,-0.05672468713044476,11.221076143584328,-2.769453965723626,12.023396835803668,1.71994,1.10895,40.7545783610167
-1.73449,11.61299,-1.859820944670008,-0.01206530728844027,6.697144354881155,-0.004102204478069692,-0.08856337703083272,11.123572311004892,-2.805811240404262,11.93154828706639,1.71715,1.11768,40.854599831711745
-1.76306,11.51712,-1.8607545826329046,-0.006603215790535403,6.749222031203433,-0.002245093368782037,-0.11913382511562509,11.026626143636816,-2.8492525449090014,11.841204364763417,1.71554,1.13351,40.95463633404964
-1.79169,11.42128,-1.8612142327310315,-0.0025862615235319303,6.800894969948078,-0.0008793289180008564,-0.15031769634620207,10.930726401605058,-2.8853026466563625,11.748125785001529,1.71311,1.14141,41.05466124344725
-1.82035,11.32543,-1.861199920649192,0.002872156742746941,6.852187531059359,0.0009765332925339601,-0.18073363190665903,10.835426756765425,-2.9283584127894384,11.656560944020383,1.71127,1.15643,41.15470432466729
-1.84898,11.22958,-1.8606923954135137,0.007274662746102792,6.903094624743907,0.0024733853336749495,-0.21176957191714552,10.741200778311818,-2.96437212752199,11.562301029485619,1.7085,1.16396,41.25473881571913
-1.87754,11.13371,-1.8597587877806525,0.01139144210904228,6.953628615769206,0.0038730903170743755,-0.24191602122811529,10.647466463316551,-3.006134635891281,11.469222229192063,1.70637,1.17741,41.35477246255858
-1.90599,11.03781,-1.8587434901426427,0.008909332696314614,7.0,0.003029173116746969,-0.2719346644919536,10.553837925498087,-3.042048797410753,11.374286201871147,1.70422,1.18484,41.454803520235686
-1.93435,10.9419,-1.8581878305096433,0.002200674324080083,7.0,0.0007482292701872284,-0.30293172217936437,10.459694837343324,-3.0803005318421497,11.28061341894099,1.70119,1.19496,41.55481860759755
-1.96269,10.84598,-1.8581878305096409,-0.0022006743240297463,7.0,-0.0007482292701701138,-0.33315133575840417,10.364330402635158,-3.1152191793687933,11.18663789746239,1.69923,1.20182,41.65483761579099
-1.99105,10.75007,-1.8586902080434833,-0.007846723925576966,7.0,-0.0026678861346961687,-0.3638342027973642,10.268217955349163,-3.1488253636573056,11.092911083022724,1.69706,1.20747,41.75485270315285
-2.01948,10.6542,-1.8597484212085167,-0.013315702405347442,7.0,-0.004527338817818131,-0.3941553178901558,10.171036609287775,-3.182211830181812,10.999847524918167,1.69562,1.21302,41.854849312095354
-2.04804,10.55836,-1.8613766847155635,-0.01925205566756029,7.0,-0.006545698926970499,-0.4244622671831648,10.072837302382942,-3.212727228345461,10.906653816524164,1.69462,1.21565,41.95485420797551
-2.07678,10.46259,-1.8635415396360946,-0.02404679575455211,7.0,-0.00817591055654772,-0.4551571650388311,9.973824899432763,-3.2433051979141805,10.814186433757913,1.69368,1.21836,42.05484360991392
-2.10575,10.36689,-1.8662142838324571,-0.029415276199346224,7.0,-0.010001193907777716,-0.4860898424157931,9.873990442347223,-3.273837808155443,10.722365783758349,1.693,1.22098,42.15483236378154
-2.135,10.27128,-1.869457027843473,-0.035446909592287766,7.0,-0.01205194926137784,-0.5182847263647619,9.77354283643419,-3.303410335467774,10.630997790597133,1.6916,1.22253,42.25481653552887
-2.16459,10.17577,-1.873284427800791,-0.04111457869992736,7.0,-0.013978956757975303,-0.5515576092811063,9.672399789328281,-3.3338678488342453,10.540660153779957,1.68975,1.22489,42.35480517588366
-2.19457,10.08039,-1.8773804733409523,-0.04081746743508802,7.0,-0.013877938927929927,-0.585824780710801,9.571117161224803,-3.3634112119618305,10.450404515012046,1.68743,1.22601,42.454785898025484
-2.22494,9.98513,-1.8813661227152316,-0.0389100150203362,7.0,-0.013229405106914309,-0.6215698946519759,9.470518933099699,-3.3943919351098306,10.360472477702528,1.68393,1.22821,42.554769919248876
-2.25568,9.88999,-1.8850199035729582,-0.034172039052222304,7.0,-0.011618493277755585,-0.6571776137954792,9.370491432823483,-3.425312412942426,10.270109772038337,1.6808,1.22985,42.65475275377561
-2.28675,9.79494,-1.8882143444977069,-0.029725107258153728,7.0,-0.010106536467772268,-0.6926989046336067,9.271252266459104,-3.4574137824935054,10.179533859490762,1.67787,1.23222,42.7547519907727
-2.3181,9.69999,-1.8910605282808606,-0.027199443635834986,7.0,-0.009247810836183895,-0.728156039424884,9.17263317902324,-3.491574924911313,10.089211268951722,1.67512,1.23634,42.85474361542197
-2.34971,9.60512,-1.8934639349774076,-0.020870108655711275,7.0,-0.007095836942941834,-0.7623563492976111,9.07438418954267,-3.525328356529532,9.998191046874227,1.67373,1.23959,42.95474116039183
-2.38152,9.51031,-1.8954401080082424,-0.018651230343064203,7.0,-0.00634141831664183,-0.7956637231960446,8.976588258901238,-3.5639603556550585,9.908261652111584,1.67326,1.24761,43.054745221309375
-2.41351,9.41555,-1.897052423385925,-0.013591888210900809,7.0,-0.004621241991706275,-0.8279195450536709,8.879070138977152,-3.6003181421134336,9.817103039850602,1.67389,1.2529,43.154759308817084
-2.44563,9.32083,-1.8982697769447374,-0.010751959928472062,7.0,-0.003655666375680501,-0.858970523820999,8.781834906560944,-3.643859904885095,9.72787388637966,1.67571,1.26548,43.254777171221754
-2.47785,9.22615,-1.8990602111600356,-0.005053852757114549,7.0,-0.0017183099374189468,-0.8868177798888839,8.684266356614916,-3.682961441771833,9.636594345813918,1.68078,1.27309,43.35478932448324
-2.51012,9.13148,-1.8993568505037899,-0.0018988343792491363,7.0,-0.0006456036889447064,-0.9143267532557517,8.587446477094058,-3.7326200293967924,9.548251407638338,1.68598,1.29159,43.454808131714685
